trade_date,exchange_id,rzye,rzmre,rzche,rqye,rqmcl,rzrqye,rqyl
20260302,SZSE,1304146172548.0,143343060065.0,141568816084.0,5693549294.0,28347313.0,1309839721842.0,687399167.0
20260302,SSE,1343687049267.0,135308934416.0,132471642997.0,12028518779.0,91843682.0,1355715568046.0,2237830108.0
20260302,BSE,8451166187.0,990650310.0,2288161101.0,345733.0,7764.0,8451511920.0,11464.0
20260227,SZSE,1302382657238.0,128690268751.0,127714373448.0,5651113405.0,23577049.0,1308033770643.0,683205158.0
20260227,SSE,1340872565672.0,113373587662.0,112432003355.0,11681950788.0,55716001.0,1352554516460.0,2191734682.0
20260227,BSE,8609108702.0,825061118.0,2126055041.0,216625.0,0.0,8609325327.0,3700.0
20260226,SZSE,1301439968030.0,136919510982.0,126016081799.0,5600647575.0,37753638.0,1307040615605.0,682658060.0
20260226,SSE,1339956696186.0,118417406073.0,109019990812.0,11463801463.0,104426687.0,1351420497649.0,2183697747.0
20260226,BSE,8578930493.0,824696024.0,2158268922.0,225323.0,0.0,8579155816.0,4300.0
20260225,SZSE,1290551592243.0,126171294708.0,116473847321.0,5448735160.0,26587955.0,1296000327403.0,665599986.0
20260225,SSE,1330832293401.0,119636338244.0,105677777627.0,11271469674.0,56482785.0,1342103763075.0,2137457924.0
20260225,BSE,8521954817.0,776745190.0,2103196687.0,253957.0,5100.0,8522208774.0,9400.0
20260224,SZSE,1280863472709.0,119201689775.0,101669384255.0,5335813472.0,34370604.0,1286199286181.0,659258375.0
20260224,SSE,1316886917013.0,106955437182.0,90718263609.0,11152634304.0,74522684.0,1328039551317.0,2154134383.0
20260224,BSE,8517631525.0,849057359.0,2141766930.0,249245.0,0.0,8517880770.0,4300.0
20260213,SZSE,1263345050286.0,94522896915.0,121302478721.0,5042924581.0,13990160.0,1268387974867.0,638204625.0
20260213,SSE,1300667234815.0,84016465696.0,113768348390.0,10702614685.0,49810883.0,1311369849500.0,2107891419.0
20260213,BSE,8367085351.0,628140606.0,1903045463.0,243065.0,0.0,8367328416.0,4300.0
20260212,SZSE,1290149117492.0,111344750333.0,114414154896.0,5291366568.0,15137547.0,1295440484060.0,652143262.0
20260212,SSE,1330447990665.0,103467190734.0,98948427214.0,10973101078.0,22847364.0,1341421091743.0,2114628443.0
20260212,BSE,8740217039.0,883024455.0,2185310670.0,250298.0,0.0,8740467337.0,4300.0
20260211,SZSE,1293232985925.0,96911755235.0,103971134058.0,5467861977.0,18533505.0,1298700847902.0,666549254.0
20260211,SSE,1325946405377.0,82365795660.0,91146495700.0,11143065951.0,32854726.0,1337089471328.0,2147243123.0
20260211,BSE,8644252446.0,732626244.0,2064607915.0,240223.0,0.0,8644492669.0,4300.0
20260210,SZSE,1300309740689.0,102731091234.0,104932536852.0,5559227254.0,17974580.0,1305868967943.0,672723854.0
20260210,SSE,1334739401256.0,88563005061.0,90064109746.0,11174333897.0,41097533.0,1345913735153.0,2160026098.0
20260210,BSE,8691828464.0,716480050.0,2043294892.0,246551.0,1100.0,8692075015.0,4300.0
20260209,SZSE,1302525108800.0,114109224708.0,114094300406.0,5576018590.0,23534219.0,1308101127390.0,683162172.0
20260209,SSE,1336256730195.0,100850251959.0,100438257365.0,11255429411.0,45388640.0,1347512159606.0,2158733269.0
20260209,BSE,8786794279.0,987106064.0,2311334116.0,204928.0,0.0,8786999207.0,3200.0
20260206,SZSE,1302526179806.0,100658503159.0,110028037774.0,5435734090.0,22433397.0,1307961913896.0,672413204.0
20260206,SSE,1335857650715.0,88902145708.0,96508040825.0,11178678190.0,71445418.0,1347036328905.0,2190410552.0
20260206,BSE,8661720708.0,710492553.0,2053475046.0,307951.0,6000.0,8662028659.0,11454.0
20260205,SZSE,1311917466230.0,100663307800.0,107418733774.0,5499955453.0,30845606.0,1317417421683.0,678457935.0
20260205,SSE,1343476557854.0,97068830584.0,101998860822.0,11293088615.0,72861692.0,1354769646469.0,2204783144.0
20260205,BSE,8672681855.0,644554035.0,1998218766.0,227026.0,0.0,8672908881.0,5454.0
20260204,SZSE,1318719212278.0,120254724133.0,125174718470.0,5540586720.0,39207241.0,1324259798998.0,670675510.0
20260204,SSE,1348431797776.0,103163766354.0,112101113487.0,11433418454.0,81572708.0,1359865216230.0,2199567071.0
20260204,BSE,8746718564.0,842068440.0,2240363584.0,252117.0,0.0,8746970681.0,5454.0
20260203,SZSE,1323663870759.0,126023022037.0,125102653620.0,5528363337.0,37085804.0,1329192234096.0,660704118.0
20260203,SSE,1357388113443.0,117464265792.0,121816671684.0,11195196119.0,61042210.0,1368583309562.0,2169269728.0
20260203,BSE,8788047470.0,848310011.0,2243197429.0,272547.0,0.0,8788320017.0,5454.0
20260202,SZSE,1322194969545.0,118609393434.0,123343720230.0,5296285378.0,36308893.0,1327491254923.0,664672900.0
20260202,SSE,1361751136143.0,122417914019.0,123569357121.0,11112308537.0,145821953.0,1372863444680.0,2205840121.0
20260202,BSE,8733054508.0,839142659.0,2252690450.0,238650.0,1000.0,8733293158.0,5454.0
20260130,SZSE,1326953822592.0,134524216372.0,144428131270.0,5409161438.0,24430685.0,1332362984030.0,658529241.0
20260130,SSE,1362922122502.0,131440640877.0,144916808001.0,11189348007.0,70928459.0,1374111470509.0,2126760575.0
20260130,BSE,8812673703.0,1013873874.0,2424391925.0,191874.0,1000.0,8812865577.0,5754.0
20260129,SZSE,1336879159661.0,152694841845.0,153017767519.0,5610031695.0,24341117.0,1342489191356.0,667006897.0
20260129,SSE,1376413497488.0,158442520065.0,161071987214.0,11520843006.0,63756712.0,1387934340494.0,2135040475.0
20260129,BSE,8939162295.0,1138085314.0,2554571567.0,187397.0,0.0,8939349692.0,4754.0
20260128,SZSE,1337224205190.0,143382143533.0,137542289817.0,5699720131.0,25100080.0,1342923925321.0,673619693.0
20260128,SSE,1379075454676.0,150983138451.0,137405978031.0,11682732603.0,61439446.0,1390758187279.0,2174947157.0
20260128,BSE,8960464646.0,1168639773.0,2555201106.0,232171.0,0.0,8960696817.0,5354.0
20260127,SZSE,1331408230527.0,140511822655.0,141380091220.0,5765203022.0,50584980.0,1337173433549.0,675460251.0
20260127,SSE,1365540768782.0,136906098025.0,138145094509.0,11721291502.0,78283604.0,1377262060284.0,2223315754.0
20260127,BSE,8954894774.0,1078940469.0,2465663229.0,225154.0,0.0,8955119928.0,5354.0
20260126,SZSE,1332304329890.0,154323860247.0,153726312476.0,5714554254.0,38272477.0,1338018884144.0,660394212.0
20260126,SSE,1366798503378.0,154735136572.0,153334124060.0,11703621424.0,75145599.0,1378502124802.0,2222133773.0
20260126,BSE,8919021357.0,1303879818.0,2681884177.0,201983.0,200.0,8919223340.0,5354.0
20260123,SZSE,1331731563883.0,155455848321.0,157088302578.0,5713594740.0,30096720.0,1337445158623.0,649300611.0
20260123,SSE,1365416506544.0,145908474464.0,145614213103.0,11621093846.0,44646066.0,1377037600390.0,2185844277.0
20260123,BSE,8992454215.0,1398369460.0,2820655633.0,183253.0,2300.0,8992637468.0,5154.0
20260122,SZSE,1333414055085.0,133778608827.0,132010681980.0,5718810838.0,25542563.0,1339132865923.0,661728257.0
20260122,SSE,1365143170716.0,133171747555.0,131036376549.0,11651406916.0,40077185.0,1376794577632.0,2248833952.0
20260122,BSE,8985303886.0,952531088.0,2379714903.0,70635.0,0.0,8985374521.0,2854.0
20260121,SZSE,1331661149970.0,128547039981.0,127136935768.0,5706174312.0,29201394.0,1337367324282.0,666387986.0
20260121,SSE,1362861930351.0,130471229922.0,120375159699.0,11745714324.0,58815152.0,1374607644675.0,2264450485.0
20260121,BSE,9047599789.0,920829842.0,2346837143.0,70833.0,0.0,9047670622.0,2854.0
20260120,SZSE,1330268304154.0,134079730842.0,139951686229.0,5619112398.0,25924721.0,1335887416552.0,668945630.0
20260120,SSE,1352775686018.0,128347997913.0,136206533368.0,11719542713.0,113480928.0,1364495228731.0,2291872799.0
20260120,BSE,8975781377.0,1046396685.0,2469508919.0,128495.0,1000.0,8975909872.0,4854.0
20260119,SZSE,1336156587174.0,133914876550.0,141425801031.0,5717086193.0,32308309.0,1341873673367.0,674483567.0
20260119,SSE,1360663928801.0,132407164178.0,133489300044.0,11525309862.0,64885103.0,1372189238663.0,2240580676.0
20260119,BSE,9111934925.0,1099279540.0,2519498993.0,107055.0,1000.0,9112041980.0,4382.0
20260116,SZSE,1343686483448.0,169462696612.0,169151229568.0,5671920982.0,17744093.0,1349358404430.0,663422501.0
20260116,SSE,1361765598205.0,164966242181.0,151891179379.0,11432169606.0,62068836.0,1373197767811.0,2227254088.0
20260116,BSE,8980919692.0,1280914988.0,2760476975.0,84648.0,0.0,8981004340.0,3382.0
20260115,SZSE,1343393917315.0,174877902734.0,163278528947.0,5788704011.0,29373634.0,1349182621326.0,675955301.0
20260115,SSE,1348708301293.0,140810884907.0,131599430749.0,11721800689.0,59863627.0,1360430101982.0,2300804798.0
20260115,BSE,9138025992.0,1396437379.0,2843691470.0,83803.0,0.0,9138109795.0,3382.0
20260114,SZSE,1331812728339.0,244113109991.0,237280411879.0,5823307597.0,38064575.0,1337636035936.0,684749934.0
20260114,SSE,1339530229868.0,204490292077.0,196200382007.0,11779589771.0,83008375.0,1351309819639.0,2324645521.0
20260114,BSE,9284465730.0,2228847903.0,3747344099.0,294680.0,0.0,9284760410.0,12345.0
20260113,SZSE,1325010231710.0,221518230592.0,215630530434.0,5770513077.0,31920203.0,1330780744787.0,680048048.0
20260113,SSE,1331269993389.0,180521195735.0,177136644784.0,11830654874.0,47466976.0,1343100648263.0,2334524317.0
20260113,BSE,9110436992.0,2259379404.0,3810878612.0,300502.0,0.0,9110737494.0,12345.0
20260112,SZSE,1319152302340.0,236630972677.0,215797177218.0,5918282090.0,34791274.0,1325070584430.0,684242132.0
20260112,SSE,1327919906814.0,187459946493.0,168832089978.0,12155096952.0,98903375.0,1340075003766.0,2382392032.0
20260112,BSE,8916057977.0,2249249977.0,3719288202.0,293031.0,2254.0,8916351008.0,12345.0
20260109,SZSE,1292153846748.0,189133311504.0,185689317220.0,5785830573.0,23166102.0,1297939677321.0,682812441.0
20260109,SSE,1309333101994.0,154127280418.0,150761212609.0,11879652817.0,55303387.0,1321212754811.0,2335283593.0
20260109,BSE,8448138270.0,1467735760.0,2870613294.0,254312.0,0.0,8448392582.0,11091.0
20260108,SZSE,1288761290985.0,166274772739.0,158261328752.0,5702718252.0,21162690.0,1294464009237.0,696858049.0
20260108,SSE,1306006162278.0,144335561311.0,136520719671.0,11751757827.0,51610631.0,1317757920105.0,2369087840.0
20260108,BSE,8387084307.0,1258789214.0,2647288378.0,312895.0,0.0,8387397202.0,13346.0
20260107,SZSE,1280770645851.0,177322318057.0,164652142430.0,5735554538.0,25080748.0,1286506200389.0,702595662.0
20260107,SSE,1298214640818.0,151858347821.0,139521015424.0,11795753345.0,62542003.0,1310010394163.0,2379116235.0
20260107,BSE,8225539239.0,1264812982.0,2681329732.0,315260.0,0.0,8225854499.0,13346.0
20260106,SZSE,1268121323838.0,175224897397.0,165311915115.0,5784812569.0,25109540.0,1273906136407.0,706674767.0
20260106,SSE,1285898834239.0,151435618371.0,142529421869.0,11806039951.0,74824341.0,1297704874190.0,2381615218.0
20260106,BSE,8289037135.0,1347241205.0,2694381734.0,313335.0,0.0,8289350470.0,13346.0
20260105,SZSE,1258247807263.0,157986569531.0,147119195861.0,5660200562.0,32526743.0,1263908007825.0,704201875.0
20260105,SSE,1277035784652.0,131491854174.0,123222652511.0,11565954586.0,70154499.0,1288601739238.0,2366847388.0
20260105,BSE,8138158582.0,1073935638.0,2430258674.0,312838.0,2255.0,8138471420.0,13346.0
20251231,SZSE,1247392285485.0,120872802302.0,126017874057.0,5406540541.0,15671333.0,1252798826026.0,691452905.0
20251231,SSE,1268796062622.0,96095300677.0,105559371479.0,11119490800.0,50344248.0,1279915553422.0,2342182336.0
20251231,BSE,7967655477.0,860169122.0,2217416438.0,301505.0,3054.0,7967956982.0,13145.0
20251230,SZSE,1252248802278.0,121923522580.0,122686257397.0,5539730811.0,15991075.0,1257788533089.0,698785332.0
20251230,SSE,1278285296119.0,106699808940.0,102371671289.0,11218962939.0,41488837.0,1289504259058.0,2355770989.0
20251230,BSE,7990756626.0,781812712.0,2149041342.0,244258.0,0.0,7991000884.0,10391.0
20251229,SZSE,1252864626544.0,123289938938.0,117802543094.0,5593332716.0,28576530.0,1258457959260.0,703640638.0
20251229,SSE,1273965468535.0,105260808648.0,102333852165.0,11297381025.0,43723870.0,1285262849560.0,2370139154.0
20251229,BSE,8012448520.0,776646297.0,2126406562.0,243750.0,0.0,8012692270.0,10391.0
20251226,SZSE,1247397227179.0,129497191254.0,129279491038.0,5576392439.0,24067666.0,1252973619618.0,697179517.0
20251226,SSE,1271086234902.0,108563310628.0,110804896164.0,11291094953.0,70186970.0,1282377329855.0,2383045544.0
20251226,BSE,7978656594.0,927820023.0,2322385102.0,250156.0,0.0,7978906750.0,10391.0
20251225,SZSE,1247195555205.0,120932500740.0,114897434700.0,5570757628.0,14186867.0,1252766312833.0,698330676.0
20251225,SSE,1273352376369.0,98040350270.0,100261502945.0,11360359465.0,36517074.0,1284712735834.0,2395226832.0
20251225,BSE,7950742806.0,855260324.0,2240438437.0,274906.0,1078.0,7951017712.0,11469.0
20251224,SZSE,1241167573303.0,112084853452.0,106411940268.0,5579425078.0,16084120.0,1246746998381.0,701457610.0
20251224,SSE,1275596245962.0,94047161593.0,89636320346.0,11380800888.0,54205093.0,1286977046850.0,2407173578.0
20251224,BSE,7958892398.0,778888654.0,2180877025.0,271176.0,564.0,7959163574.0,10955.0
20251223,SZSE,1235506600712.0,109446439649.0,102596250711.0,5622315888.0,21657864.0,1241128916600.0,725910162.0
20251223,SSE,1271201780307.0,106677381165.0,98900432276.0,11344865711.0,62043252.0,1282546646018.0,2414453610.0
20251223,BSE,7887425101.0,830035768.0,2225379450.0,355939.0,0.0,7887781040.0,14500.0
20251222,SZSE,1228476388245.0,107980929901.0,101260609093.0,5607306460.0,19496445.0,1234083694705.0,722280345.0
20251222,SSE,1263436859867.0,93606746392.0,87764772054.0,11295366180.0,54401072.0,1274732226047.0,2400826457.0
20251222,BSE,7824037312.0,814720422.0,2215387006.0,351484.0,0.0,7824388796.0,14500.0
20251219,SZSE,1221763403396.0,92087542650.0,89723683740.0,5570454012.0,17138511.0,1227333857408.0,723658901.0
20251219,SSE,1257616065098.0,84003100772.0,81787005108.0,11123541010.0,38385570.0,1268739606108.0,2397710873.0
20251219,BSE,7754004396.0,839901639.0,2268834875.0,351716.0,2055.0,7754356112.0,14500.0
20251218,SZSE,1219407561181.0,90958101754.0,89980055494.0,5598281915.0,14404970.0,1225005843096.0,734277292.0
20251218,SSE,1255433608103.0,79535322541.0,83848137848.0,11210689149.0,58913534.0,1266644297252.0,2431757245.0
20251218,BSE,7715312386.0,731494515.0,2214690921.0,294935.0,2054.0,7715607321.0,12445.0
20251217,SZSE,1218379420179.0,97195079537.0,98116269295.0,5725446814.0,25780875.0,1224104866993.0,742626497.0
20251217,SSE,1259774699017.0,86400893642.0,87601492251.0,11239788760.0,108244627.0,1271014487777.0,2436082942.0
20251217,BSE,7726607527.0,772047256.0,2215717749.0,246897.0,0.0,7726854424.0,10391.0
20251216,SZSE,1219315393334.0,86400962303.0,92425967791.0,5651143457.0,22165252.0,1224966536791.0,743814175.0
20251216,SSE,1261042135620.0,91008480705.0,85433466064.0,11069092787.0,50226794.0,1272111228407.0,2422435668.0
20251216,BSE,7757077797.0,878283039.0,2323637329.0,349933.0,4908.0,7757427730.0,15399.0
20251215,SZSE,1225356270258.0,91896925831.0,90162053341.0,5769668078.0,17812607.0,1231125938336.0,748432423.0
20251215,SSE,1255499323207.0,84474493217.0,81335290756.0,11325818178.0,55983252.0,1266825141385.0,2437842377.0
20251215,BSE,7718276270.0,783893479.0,2226283476.0,250633.0,228.0,7718526903.0,10491.0
20251212,SZSE,1223647189083.0,104659544586.0,106419272014.0,5813382740.0,14710157.0,1229460571823.0,748979167.0
20251212,SSE,1252369646071.0,89102959662.0,93712070915.0,11858586110.0,50599833.0,1264228232181.0,2522964410.0
20251212,BSE,7714704009.0,1068260687.0,2469969697.0,249788.0,900.0,7714953797.0,10263.0
20251211,SZSE,1225414043748.0,101779030331.0,106511950545.0,5830343596.0,25518116.0,1231244387344.0,769295539.0
20251211,SSE,1257022621848.0,82784563113.0,84424942026.0,12005562207.0,63531624.0,1269028184055.0,2574723609.0
20251211,BSE,7709203533.0,1167527974.0,2507964446.0,235479.0,0.0,7709439012.0,9363.0
20251210,SZSE,1230156406328.0,99053781896.0,95696112665.0,5848823607.0,29861124.0,1236005229935.0,764713306.0
20251210,SSE,1258675029684.0,80856193274.0,80726077568.0,12034005651.0,86074668.0,1270709035335.0,2557255656.0
20251210,BSE,7574081204.0,521397634.0,1841671036.0,232296.0,0.0,7574313500.0,9363.0
20251209,SZSE,1226809723093.0,112297710805.0,106189973487.0,5818349789.0,17197888.0,1232628072882.0,755093766.0
20251209,SSE,1258550150923.0,89526767479.0,85416370081.0,11857654459.0,68339189.0,1270407805382.0,2530196443.0
20251209,BSE,7536026685.0,582334269.0,2016195891.0,436299.0,0.0,7536462984.0,16622.0
20251208,SZSE,1220714201038.0,124182424418.0,113755129473.0,5811500714.0,29649843.0,1226525701752.0,759164185.0
20251208,SSE,1254466290886.0,103180191947.0,94998841984.0,11960306051.0,52969429.0,1266426596937.0,2517361739.0
20251208,BSE,7562045237.0,656284445.0,2158681180.0,442870.0,0.0,7562488107.0,16622.0
20251205,SZSE,1210309869247.0,94440556321.0,95462829794.0,5718925794.0,16885316.0,1216028795041.0,761041888.0
20251205,SSE,1246300715403.0,83814900493.0,85124025480.0,11845199886.0,59269270.0,1258145915289.0,2540088025.0
20251205,BSE,7500310927.0,502852372.0,2014336042.0,534607.0,0.0,7500845534.0,24622.0
20251204,SZSE,1211357257707.0,83360720089.0,82666786905.0,5642198204.0,23300404.0,1216999455911.0,762757646.0
20251204,SSE,1247616304027.0,70139375844.0,69503241980.0,11737787385.0,44465440.0,1259354091412.0,2556556265.0
20251204,BSE,7515295270.0,434782431.0,1904965610.0,634055.0,1800.0,7515929325.0,34422.0
20251203,SZSE,1210675549821.0,90931982955.0,92965401871.0,5641700425.0,27109772.0,1216317250246.0,778792898.0
20251203,SSE,1246989558940.0,69486212637.0,71219319373.0,11760574781.0,50419019.0,1258750133721.0,2557560659.0
20251203,BSE,7524243864.0,458826244.0,1918216444.0,694054.0,2500.0,7524937918.0,35122.0
20251202,SZSE,1212622841092.0,88273098655.0,86157281132.0,5672333520.0,19973179.0,1218295174612.0,769618513.0
20251202,SSE,1248727375910.0,66747908998.0,66629937385.0,11878288335.0,54456020.0,1260605664245.0,2611693120.0
20251202,BSE,7552551284.0,435682841.0,1878878026.0,610752.0,999.0,7553162036.0,32622.0
20251201,SZSE,1210522941893.0,102082899979.0,97190300972.0,5671214377.0,33030910.0,1216194156270.0,766391102.0
20251201,SSE,1248616676210.0,88801580202.0,83504018850.0,11930431528.0,130515100.0,1260547107738.0,2614411899.0
20251201,BSE,7568668853.0,625725976.0,2073991547.0,601729.0,4337.0,7569270582.0,32523.0
20251128,SZSE,1205638530345.0,86192133644.0,84758436403.0,5575735188.0,13106298.0,1211214265533.0,754256977.0
20251128,SSE,1243334608699.0,70475798353.0,70444185036.0,11501110264.0,60086534.0,1254835718963.0,2524832271.0
20251128,BSE,7526823019.0,455424200.0,1922107812.0,498092.0,0.0,7527321111.0,28186.0
20251127,SZSE,1204210419803.0,97099904292.0,94840238846.0,5606078330.0,21070783.0,1209816498133.0,761473330.0
20251127,SSE,1243317159526.0,80278293025.0,79765841699.0,11422801182.0,80352184.0,1254739960708.0,2541480115.0
20251127,BSE,7487983065.0,457053270.0,1921951445.0,550451.0,0.0,7488533516.0,30186.0
20251126,SZSE,1201962946894.0,103580011527.0,99992774455.0,5662101789.0,48293915.0,1207625048683.0,762459498.0
20251126,SSE,1242823709564.0,81743980028.0,79298586781.0,11427216135.0,111978692.0,1254250925699.0,2510183814.0
20251126,BSE,7478523415.0,498423566.0,1943526412.0,559562.0,2000.0,7479082977.0,30186.0
20251125,SZSE,1198396341342.0,103009047596.0,100422466524.0,5560131410.0,28225075.0,1203956472752.0,734281714.0
20251125,SSE,1240398370695.0,83636920642.0,82257003581.0,11183459220.0,75520948.0,1251581829915.0,2448610089.0
20251125,BSE,7492919283.0,520862190.0,1958072477.0,715419.0,7569.0,7493634702.0,35755.0
20251124,SZSE,1195722629558.0,86255229461.0,88404280012.0,5420098739.0,27579703.0,1201142728297.0,729165804.0
20251124,SSE,1239032782361.0,77343240622.0,77978295936.0,10950405598.0,65739119.0,1249983187959.0,2414526452.0
20251124,BSE,7542329152.0,451127537.0,1925472876.0,505669.0,0.0,7542834821.0,28186.0
20251121,SZSE,1197878430815.0,94795560353.0,111618404449.0,5346003921.0,20964599.0,1203224434736.0,724950191.0
20251121,SSE,1239681215625.0,89285737243.0,101496291615.0,10925457858.0,54663759.0,1250606673483.0,2433182595.0
20251121,BSE,7617879085.0,527399167.0,1999274235.0,626382.0,7759.0,7618505467.0,33122.0
20251120,SZSE,1214712298825.0,90994903769.0,91717635305.0,5668574181.0,36039994.0,1220380873006.0,767680599.0
20251120,SSE,1251906950837.0,81829910761.0,86907259874.0,11648247823.0,100935382.0,1263555198660.0,2536538767.0
20251120,BSE,7766150101.0,476354661.0,1938540904.0,430638.0,0.0,7766580739.0,25363.0
20251119,SZSE,1215446141353.0,89431943266.0,90682781297.0,5668525041.0,16631926.0,1221114666394.0,747829207.0
20251119,SSE,1257008488721.0,79131083719.0,82425207348.0,11946062490.0,63809767.0,1268954551211.0,2550539351.0
20251119,BSE,7869995541.0,609736841.0,2074139037.0,477880.0,0.0,7870473421.0,26926.0
20251118,SZSE,1216710805190.0,102816343192.0,103572967768.0,5729379578.0,24543413.0,1222440184768.0,764933024.0
20251118,SSE,1260313161359.0,94563998759.0,91256633145.0,12078930346.0,52893380.0,1272392091705.0,2578098219.0
20251118,BSE,7877157413.0,772610246.0,2246558097.0,693056.0,8565.0,7877850469.0,33928.0
20251117,SZSE,1217425072562.0,104470018526.0,100695937728.0,5764726016.0,26687266.0,1223189798578.0,761734166.0
20251117,SSE,1257015227419.0,94385625145.0,90522531811.0,12249078833.0,56139338.0,1269264306252.0,2602740550.0
20251117,BSE,7879543393.0,814103097.0,2247582214.0,569477.0,5400.0,7880112870.0,31462.0
20251114,SZSE,1213681637418.0,101992891043.0,109953541680.0,5723901670.0,17502030.0,1219405539088.0,755606282.0
20251114,SSE,1253180360926.0,95525839287.0,100942944560.0,12280549346.0,44874173.0,1265460910272.0,2608688150.0
20251114,BSE,7836897050.0,874610405.0,2315236274.0,487163.0,300.0,7837384213.0,26362.0
20251113,SZSE,1221653445053.0,119142548798.0,112830997663.0,5844064995.0,20983318.0,1227497510048.0,757886169.0
20251113,SSE,1258607971942.0,108826017299.0,111081780283.0,12533776032.0,60464143.0,1271141747974.0,2629246317.0
20251113,BSE,7893495086.0,930699110.0,2367004772.0,804360.0,11501.0,7894299446.0,37563.0
20251112,SZSE,1215367332209.0,105588302089.0,106274755315.0,5707225923.0,18824418.0,1221074558132.0,753912605.0
20251112,SSE,1260874320120.0,100434271194.0,102747512477.0,12405545871.0,75607655.0,1273279865991.0,2631829444.0
20251112,BSE,7843775546.0,636393431.0,2047090613.0,454608.0,0.0,7844230154.0,26062.0
20251111,SZSE,1216068092642.0,116490590635.0,115654527282.0,5766587641.0,32076673.0,1221834680283.0,757158877.0
20251111,SSE,1263197439228.0,110736652445.0,107523078969.0,12367387168.0,46600341.0,1275564826396.0,2617256734.0
20251111,BSE,7898319056.0,825999733.0,2247461461.0,493787.0,1200.0,7898812843.0,27262.0
20251110,SZSE,1215244201697.0,125280171081.0,120848076620.0,5738260783.0,19444888.0,1220982462480.0,742623579.0
20251110,SSE,1259999647179.0,116708686985.0,113408814921.0,12521708552.0,53908098.0,1272521355731.0,2641430759.0
20251110,BSE,7912050740.0,799148580.0,2237021238.0,662222.0,6089.0,7912712962.0,31751.0
20251107,SZSE,1210824546918.0,112965196458.0,113551026904.0,5743305121.0,19236949.0,1216567852039.0,751770723.0
20251107,SSE,1256749257881.0,104761396722.0,109173566868.0,12421627048.0,44767513.0,1269170884929.0,2630739455.0
20251107,BSE,7953811019.0,824829302.0,2305154113.0,508538.0,1875.0,7954319557.0,27537.0
20251106,SZSE,1211419187596.0,115431966429.0,114678481675.0,5790711261.0,29105533.0,1217209898857.0,758480684.0
20251106,SSE,1261172891066.0,117504606535.0,111175593010.0,12508894750.0,73157292.0,1273681785816.0,2643405964.0
20251106,BSE,7957295139.0,774064587.0,2247419651.0,442662.0,0.0,7957737801.0,25662.0
20251105,SZSE,1210682368081.0,100854061131.0,101278697605.0,5672023148.0,22087746.0,1216354391229.0,751498827.0
20251105,SSE,1254887414434.0,98363561353.0,98053070149.0,12261868142.0,56235227.0,1267149282576.0,2624792119.0
20251105,BSE,7974040243.0,780021762.0,2298065835.0,471359.0,500.0,7974511602.0,26662.0
20251104,SZSE,1211117002540.0,100059050589.0,102671373027.0,5663886429.0,22816482.0,1216780888969.0,754648809.0
20251104,SSE,1254595845948.0,96989095599.0,97662749952.0,12271274643.0,93814773.0,1266867120591.0,2635464505.0
20251104,BSE,7974123661.0,787430196.0,2297377261.0,473533.0,0.0,7974597194.0,26662.0
20251103,SZSE,1213738229598.0,114790960972.0,112057206435.0,5690005289.0,29549338.0,1219428234887.0,752447331.0
20251103,SSE,1255284930321.0,113912656889.0,108505536958.0,12066303628.0,100207481.0,1267351233949.0,2578686852.0
20251103,BSE,7982292743.0,968235966.0,2541291003.0,929108.0,2036.0,7983221851.0,38898.0
20251031,SZSE,1211064759281.0,131049000947.0,139666985730.0,5662274393.0,17571251.0,1216727033674.0,749571895.0
20251031,SSE,1249924363716.0,122045530370.0,125675261723.0,11818501517.0,55476764.0,1261742865233.0,2528925042.0
20251031,BSE,7930777179.0,1191650194.0,2822427314.0,1019952.0,11499.0,7931797131.0,44161.0
20251030,SZSE,1219692195482.0,145102553945.0,148642644373.0,5744674819.0,29242746.0,1225436870301.0,764118376.0
20251030,SSE,1253578067034.0,135289948532.0,139103246559.0,12160865938.0,61616340.0,1265738932972.0,2575065250.0
20251030,BSE,7909705155.0,1723218387.0,3539980255.0,703472.0,1226.0,7910408627.0,32888.0
20251029,SZSE,1223249001559.0,148794148005.0,142399671702.0,5808897005.0,33907605.0,1229057898564.0,755749130.0
20251029,SSE,1257413401254.0,130595923792.0,125640827477.0,12260661695.0,49178634.0,1269674062949.0,2562965862.0
20251029,BSE,7915463691.0,1532856204.0,3396410443.0,896951.0,42353.0,7916360642.0,51316.0
20251028,SZSE,1216867140055.0,133205622268.0,126485677530.0,5649969009.0,41358633.0,1222517109064.0,742585838.0
20251028,SSE,1252496637936.0,124600410793.0,118594745416.0,12119340364.0,81087279.0,1264615978300.0,2567336633.0
20251028,BSE,7626915931.0,555699573.0,2172177333.0,283481.0,904.0,7627199412.0,16867.0
20251027,SZSE,1210160994856.0,147106810140.0,134237975990.0,5631196100.0,38583744.0,1215792190956.0,725123151.0
20251027,SSE,1246506855788.0,139200987698.0,127665036908.0,12093033390.0,83446762.0,1258599889178.0,2530181311.0
20251027,BSE,7619687511.0,621540898.0,2247906511.0,345341.0,1000.0,7620032852.0,18963.0
20251024,SZSE,1197296945735.0,122318092225.0,119370700625.0,5477859408.0,31033720.0,1202774805143.0,718498696.0
20251024,SSE,1235000302822.0,113832576573.0,110824624264.0,11893959637.0,80862525.0,1246894262459.0,2523232652.0
20251024,BSE,7520830132.0,551653086.0,2223363526.0,314011.0,2000.0,7521144143.0,17963.0
20251023,SZSE,1194363047745.0,89111134100.0,89689955115.0,5344438567.0,28285854.0,1199707486312.0,707494545.0
20251023,SSE,1232014143922.0,87283752227.0,88266825130.0,11776335634.0,95434219.0,1243790479556.0,2513866004.0
20251023,BSE,7546325838.0,465837903.0,2131609331.0,256724.0,0.0,7546582562.0,15963.0
20251022,SZSE,1194953689422.0,92949588665.0,89210224848.0,5292761898.0,19233483.0,1200246451320.0,708035473.0
20251022,SSE,1233014133480.0,92311656936.0,87809119806.0,11570949941.0,68070506.0,1244585083421.0,2471421527.0
20251022,BSE,7578077876.0,697843661.0,2348367069.0,386487.0,0.0,7578464363.0,20763.0
20251021,SZSE,1191148722318.0,110267814167.0,102854810972.0,5309099256.0,26302100.0,1196457821574.0,705214189.0
20251021,SSE,1228525092925.0,106180284118.0,99666620624.0,11675975979.0,90449409.0,1240201068904.0,2455842373.0
20251021,BSE,7611145383.0,673074885.0,2343983614.0,488191.0,14800.0,7611633574.0,23763.0
20251020,SZSE,1183738100596.0,93689694592.0,95127209836.0,5171727934.0,31984000.0,1188909828530.0,701130805.0
20251020,SSE,1222028591866.0,91899857188.0,93871187300.0,11595049315.0,98127688.0,1233623641181.0,2461805207.0
20251020,BSE,7464328608.0,399596067.0,2113483039.0,217084.0,0.0,7464545692.0,8963.0
20251017,SZSE,1181334070444.0,99323898919.0,112773633186.0,5097664300.0,50605357.0,1186431734744.0,695973532.0
20251017,SSE,1224047953848.0,99060620838.0,112762088032.0,11452181650.0,74108251.0,1235500135498.0,2427236269.0
20251017,BSE,7452675263.0,388801142.0,2050569435.0,216905.0,0.0,7452892168.0,8963.0
20251016,SZSE,1194794824359.0,109806172706.0,103603238015.0,5235819925.0,34071888.0,1200030644284.0,684896877.0
20251016,SSE,1237780502057.0,105436029927.0,104004562499.0,11822065473.0,103327180.0,1249602567530.0,2448724625.0
20251016,BSE,7562564302.0,502761729.0,2052504879.0,258826.0,1203.0,7562823128.0,10166.0
20251015,SZSE,1188608012887.0,111069069191.0,110506529672.0,5198614446.0,39823690.0,1193806627333.0,670790855.0
20251015,SSE,1236365992629.0,122594136669.0,120835302629.0,11675165490.0,63555324.0,1248041158119.0,2402981401.0
20251015,BSE,7573103728.0,614610470.0,2166415138.0,219235.0,0.0,7573322963.0,8963.0
20251014,SZSE,1188052227849.0,138711284931.0,137394219156.0,5064486506.0,43862857.0,1193116714355.0,662925867.0
20251014,SSE,1234622701292.0,150649829758.0,149654489166.0,11629291378.0,134227709.0,1246251992670.0,2440887912.0
20251014,BSE,7558541392.0,715906437.0,2299925548.0,264718.0,1600.0,7558806110.0,10630.0
20251013,SZSE,1186746276578.0,128068383802.0,128812498677.0,5063103197.0,36343412.0,1191809379775.0,642011754.0
20251013,SSE,1233642293902.0,134022488816.0,131046598282.0,11407824528.0,130089481.0,1245050118430.0,2364108041.0
20251013,BSE,7510166602.0,692620663.0,2277131893.0,219074.0,0.0,7510385676.0,9030.0
20251010,SZSE,1187501076325.0,145654404215.0,146567998314.0,5042781140.0,27053131.0,1192543857465.0,676621621.0
20251010,SSE,1230684574757.0,140605766584.0,143179622682.0,11074528136.0,89634482.0,1241759102893.0,2299952545.0
20251010,BSE,7473086185.0,609811470.0,2147791839.0,216838.0,67.0,7473303023.0,9030.0
20251009,SZSE,1188431792913.0,173315245660.0,147207141223.0,5189656972.0,30885793.0,1193621449885.0,679137391.0
20251009,SSE,1233249540315.0,168897082776.0,144197886673.0,11162566260.0,82526165.0,1244412106575.0,2286120868.0
20251009,BSE,7513313911.0,724619717.0,2321785741.0,222820.0,0.0,7513536731.0,8963.0
20250930,SZSE,1162354235598.0,131697853810.0,150850828883.0,4992157118.0,12692400.0,1167346392716.0,667612388.0
20250930,SSE,1208617882705.0,127617393608.0,142348769926.0,10775404475.0,40489847.0,1219393287180.0,2270046045.0
20250930,BSE,7417611461.0,544787722.0,2104609517.0,288973.0,544.0,7417900434.0,11449.0
20250929,SZSE,1181431789919.0,133956716837.0,134047538162.0,5200572947.0,27706830.0,1186632362866.0,705616490.0
20250929,SSE,1223395169661.0,130914023001.0,126345291357.0,11103698547.0,69313500.0,1234498868208.0,2351848454.0
20250929,BSE,7623443588.0,557403549.0,2125133800.0,270444.0,1942.0,7623714032.0,10905.0
20250926,SZSE,1181543513690.0,128629746540.0,136649642633.0,5194346330.0,22594670.0,1186737860020.0,707484274.0
20250926,SSE,1218854850267.0,116021703286.0,127288517606.0,11207460760.0,42634825.0,1230062311027.0,2376037109.0
20250926,BSE,7657318733.0,600846274.0,2126954516.0,262346.0,0.0,7657581079.0,11635.0
20250925,SZSE,1189507289110.0,153542042775.0,146967745938.0,5340994686.0,20772064.0,1194848283796.0,706423443.0
20250925,SSE,1230143924167.0,134055850477.0,127375751520.0,11614380252.0,47360786.0,1241758304419.0,2424763025.0
20250925,BSE,7759643884.0,683389110.0,2227652856.0,259431.0,2000.0,7759903315.0,11635.0
20250924,SZSE,1182824219536.0,147862323027.0,140665653759.0,5338540489.0,25598070.0,1188162760025.0,706362351.0
20250924,SSE,1223547870961.0,138192656692.0,131190332660.0,11643858035.0,62928584.0,1235191728996.0,2420303329.0
20250924,BSE,7750723050.0,702622239.0,2270199961.0,269149.0,0.0,7750992199.0,11634.0
20250923,SZSE,1175677355700.0,147285935937.0,146278626455.0,5294400960.0,37709244.0,1180971756660.0,707890309.0
20250923,SSE,1216573602443.0,129816185154.0,131545099613.0,11451646974.0,85951061.0,1228025249417.0,2411682237.0
20250923,BSE,7790150567.0,719396044.0,2250896017.0,839328.0,13169.0,7790989895.0,59131.0
20250922,SZSE,1174696727720.0,126531830420.0,118025366414.0,5325437395.0,21148945.0,1180022165115.0,701689083.0
20250922,SSE,1218337102598.0,129250320135.0,118541500884.0,11363249668.0,49384490.0,1229700352266.0,2386292541.0
20250922,BSE,7809343516.0,657529537.0,2163581112.0,434679.0,8963.0,7809778195.0,46418.0
20250919,SZSE,1166208694207.0,133211026893.0,135739188663.0,5261120961.0,25196734.0,1171469815168.0,711364110.0
20250919,SSE,1207639982663.0,124577227517.0,126146044385.0,11313305187.0,57708592.0,1218953287850.0,2398201730.0
20250919,BSE,7761263124.0,774562979.0,2292976230.0,504368.0,38037.0,7761767492.0,46568.0
20250918,SZSE,1168760821555.0,191794733711.0,193893799578.0,5252071244.0,32707268.0,1174012892799.0,712357794.0
20250918,SSE,1209224986941.0,179844070489.0,180322651301.0,11453319865.0,67648579.0,1220678306806.0,2414932275.0
20250918,BSE,7773798178.0,1035958021.0,2644955536.0,388238.0,4400.0,7774186416.0,12931.0
20250917,SZSE,1170886231176.0,151493057554.0,142702632897.0,5249047766.0,19717110.0,1176135278942.0,707607381.0
20250917,SSE,1209726836235.0,131278891480.0,127369253300.0,11672528879.0,55364025.0,1221399365114.0,2434622005.0
20250917,BSE,7908676987.0,946740111.0,2559889533.0,426923.0,3000.0,7909103910.0,12830.0
20250916,SZSE,1162111678866.0,147560347040.0,137203832414.0,5252449509.0,18341849.0,1167364128375.0,712891115.0
20250916,SSE,1205855997868.0,136661848267.0,124444973748.0,11587827777.0,59587162.0,1217443825645.0,2436750664.0
20250916,BSE,7843553453.0,874513695.0,2485960700.0,455138.0,26585.0,7844008591.0,36915.0
20250915,SZSE,1151775828724.0,138509399462.0,129800933779.0,5184129264.0,26481310.0,1156959957988.0,718508702.0
20250915,SSE,1193651838103.0,126074002488.0,116393054038.0,11514261220.0,53650111.0,1205166099323.0,2422148337.0
20250915,BSE,7872309330.0,855038166.0,2512744255.0,651452.0,5494.0,7872960782.0,25793.0
20250912,SZSE,1143112251645.0,152808453731.0,149149994425.0,5158466178.0,19898180.0,1148270717823.0,710131732.0
20250912,SSE,1183985455849.0,143019562670.0,135462407780.0,11447903131.0,66256344.0,1195433358980.0,2416507947.0
20250912,BSE,7865765200.0,1059745593.0,2738263691.0,645454.0,6584.0,7866410654.0,21200.0
20250911,SZSE,1139474307484.0,156988777479.0,145712243995.0,5218642650.0,39907882.0,1144692950134.0,715086164.0
20250911,SSE,1176441846643.0,135731678646.0,132625525227.0,11523946846.0,78734425.0,1187965793489.0,2409019837.0
20250911,BSE,7765595138.0,1006560209.0,2620708279.0,648971.0,785.0,7766244109.0,19468.0
20250910,SZSE,1128226257663.0,117930659694.0,114647366076.0,4999290078.0,14910328.0,1133225547741.0,698660839.0
20250910,SSE,1173348380718.0,103660698840.0,101339657260.0,11323946475.0,103361137.0,1184672327193.0,2417086024.0
20250910,BSE,7694014801.0,795693332.0,2378914495.0,855821.0,8944.0,7694870622.0,27399.0
20250909,SZSE,1124758045579.0,117164513709.0,116001417209.0,5007636797.0,33515349.0,1129765682376.0,705774107.0
20250909,SSE,1171038610850.0,117253987464.0,112456462765.0,11214394246.0,100125863.0,1182253005096.0,2362689875.0
20250909,BSE,7698239358.0,1132750081.0,2702764526.0,682279.0,4086.0,7698921637.0,19555.0
20250908,SZSE,1123620902486.0,149145515809.0,133649136731.0,4948336383.0,30486401.0,1128569238869.0,687636259.0
20250908,SSE,1166259101553.0,128685602232.0,118067385596.0,11069632529.0,94304210.0,1177328734082.0,2313482569.0
20250908,BSE,7663004108.0,1564050658.0,3176190533.0,550003.0,315.0,7663554111.0,16169.0
20250905,SZSE,1108145619779.0,137162781878.0,132947737054.0,4913107950.0,34321704.0,1113058727729.0,695215130.0
20250905,SSE,1155650042274.0,119223737896.0,116432762000.0,10834174579.0,89617801.0,1166484216853.0,2266093408.0
20250905,BSE,7511300907.0,1531212231.0,3351183691.0,892762.0,10799.0,7512193669.0,29854.0
20250904,SZSE,1103973787664.0,137760727976.0,142900080877.0,4727950440.0,27804426.0,1108701738104.0,692054310.0
20250904,SSE,1152873400598.0,127420754800.0,131960684857.0,10604655570.0,73839090.0,1163478056168.0,2270717615.0
20250904,BSE,7363336580.0,1130656818.0,3034682523.0,766843.0,16585.0,7364103423.0,28765.0
20250903,SZSE,1109129858843.0,136231688445.0,134010643430.0,4921124541.0,33960790.0,1114050983384.0,709821369.0
20250903,SSE,1157433653512.0,123099984492.0,123736687863.0,11025400826.0,66375827.0,1168459054338.0,2321757636.0
20250903,BSE,7350311915.0,957987530.0,3024508064.0,577000.0,5156.0,7350888915.0,19880.0
20250902,SZSE,1106932028669.0,164577973684.0,170543001537.0,4928786189.0,22557118.0,1111860814858.0,696812512.0
20250902,SSE,1158103408143.0,148858063767.0,151300381519.0,11156698124.0,68480254.0,1169260106267.0,2323005694.0
20250902,BSE,7330878600.0,1169196209.0,3277118854.0,510647.0,3954.0,7331389247.0,17678.0
20250901,SZSE,1112927076663.0,165845904432.0,150047129277.0,4962744362.0,27586379.0,1117889821025.0,720318897.0
20250901,SSE,1160569079901.0,156185015686.0,136518368029.0,11199402381.0,72624476.0,1171768482282.0,2307036791.0
20250901,BSE,7332550847.0,1010291657.0,2903006833.0,633020.0,5108.0,7333183867.0,20532.0
20250829,SZSE,1097174084089.0,164898940738.0,156183174394.0,4867120563.0,35865467.0,1102041204652.0,711635451.0
20250829,SSE,1140926430398.0,154568014653.0,146186513446.0,11009642468.0,111637879.0,1151936072866.0,2289178985.0
20250829,BSE,7371489990.0,1076784524.0,2957876449.0,473751.0,600.0,7371963741.0,15724.0
20250828,SZSE,1088486218109.0,174167797048.0,167146574973.0,4793016420.0,51359958.0,1093279234529.0,704845983.0
20250828,SSE,1132570872138.0,161262104033.0,152035181568.0,10692466446.0,92991183.0,1143263338584.0,2245093025.0
20250828,BSE,7385177182.0,926423163.0,2820392293.0,431957.0,200.0,7385609139.0,15124.0
20250827,SZSE,1081515537553.0,191458717512.0,182853689049.0,4654680779.0,23490892.0,1086170218332.0,683776829.0
20250827,SSE,1123366079378.0,171044804741.0,159450175260.0,10487404945.0,56656741.0,1133853484323.0,2214543854.0
20250827,BSE,7472418777.0,1300096520.0,3053507546.0,593935.0,11796.0,7473012712.0,26020.0
20250826,SZSE,1072962265008.0,160148083521.0,151546843878.0,4722246353.0,27809711.0,1077684511361.0,690841783.0
20250826,SSE,1111818503020.0,141555463718.0,130868889353.0,10728914966.0,52587398.0,1122547417986.0,2220392481.0
20250826,BSE,7379052054.0,1205948486.0,2964393862.0,468545.0,300.0,7379520599.0,15824.0
20250825,SZSE,1064402743957.0,192399479660.0,176325935128.0,4656391932.0,31908550.0,1069059135889.0,682611777.0
20250825,SSE,1101191689087.0,180248653564.0,163414281581.0,10700072404.0,101273051.0,1111891761491.0,2220009555.0
20250825,BSE,7375642096.0,1408303645.0,3045318444.0,533543.0,2000.0,7376175639.0,17524.0
20250822,SZSE,1048366428877.0,153038038935.0,150538402672.0,4526509322.0,26815355.0,1052892938199.0,675152976.0
20250822,SSE,1084422264740.0,142438483342.0,136471354066.0,10414986677.0,52287300.0,1094837251417.0,2191773345.0
20250822,BSE,7337123664.0,1146175020.0,2709038074.0,475663.0,200.0,7337599327.0,15524.0
20250821,SZSE,1045912846412.0,139902062255.0,137731995926.0,4426139370.0,19396552.0,1050338985782.0,673383271.0
20250821,SSE,1078533040383.0,119913898726.0,122992465243.0,10416299107.0,116464661.0,1088949339490.0,2246790514.0
20250821,BSE,7506071985.0,1338690610.0,2910719545.0,753695.0,17499.0,7506825680.0,43323.0
20250820,SZSE,1043773808880.0,140161026583.0,132664905411.0,4417518908.0,25328798.0,1048191327788.0,676661368.0
20250820,SSE,1081643142709.0,122795716331.0,114901397315.0,10181736990.0,107113056.0,1091824879699.0,2173672738.0
20250820,BSE,7551641281.0,1419494893.0,2978632105.0,815545.0,9000.0,7552456826.0,34923.0
20250819,SZSE,1036301961768.0,154184592474.0,141777696390.0,4384761641.0,25296022.0,1040686723409.0,680816638.0
20250819,SSE,1073793365520.0,136326181325.0,119681171818.0,9798001512.0,65762618.0,1083591367032.0,2125043361.0
20250819,BSE,7414790428.0,2050984294.0,3592217731.0,781097.0,17881.0,7415571525.0,32905.0
20250818,SZSE,1023931329352.0,174408950780.0,154578166820.0,4372403655.0,18930975.0,1028303733007.0,673084167.0
20250818,SSE,1057181453687.0,150348942711.0,131033486886.0,9830780399.0,84572219.0,1067012234086.0,2131018015.0
20250818,BSE,6992123403.0,1873158667.0,3452307438.0,717374.0,42199.0,6992840777.0,54123.0
20250815,SZSE,1004140457234.0,129710552410.0,125945167837.0,4313782304.0,21432008.0,1008454239538.0,670411834.0
20250815,SSE,1037756675565.0,116644891364.0,112739519277.0,9729385016.0,46143028.0,1047486060581.0,2117624390.0
20250815,BSE,6701448224.0,1001803621.0,2545583184.0,377122.0,2425.0,6701825346.0,13573.0
20250814,SZSE,1000403501842.0,127403795406.0,123332990378.0,4310427231.0,19479180.0,1004713929073.0,677650456.0
20250814,SSE,1033902792626.0,114363547456.0,109491212948.0,9839810411.0,61657414.0,1043742603037.0,2164176168.0
20250814,BSE,6750647711.0,993004809.0,2539025679.0,539415.0,15332.0,6751187126.0,26481.0
20250813,SZSE,996380108320.0,126629489316.0,118408382652.0,4366264825.0,16651095.0,1000746373145.0,671526724.0
20250813,SSE,1029063342369.0,107997600571.0,104460574612.0,9823615226.0,53207030.0,1038886957595.0,2147540531.0
20250813,BSE,6617431975.0,874974369.0,2342651607.0,304256.0,0.0,6617736231.0,11597.0
20250812,SZSE,988210811163.0,103545597204.0,99282266942.0,4282038044.0,13798406.0,992492849207.0,669443961.0
20250812,SSE,1025570739113.0,89593629630.0,85766666779.0,9885488624.0,73728381.0,1035456227737.0,2177838957.0
20250812,BSE,6583748757.0,842984571.0,2366451866.0,589005.0,210.0,6584337762.0,20738.0
20250811,SZSE,983897895225.0,102904854754.0,95210150166.0,4249466867.0,13363187.0,988147362092.0,667388019.0
20250811,SSE,1021792143441.0,91368606488.0,82250405481.0,9747748407.0,55907251.0,1031539891848.0,2158715053.0
20250811,BSE,6510212586.0,883340394.0,2409118533.0,697050.0,4200.0,6510909636.0,24965.0
20250808,SZSE,976233125276.0,87060382182.0,89465371916.0,4216873488.0,18410485.0,980449998764.0,697212025.0
20250808,SSE,1012720239760.0,79022966138.0,80032762175.0,9939215366.0,53215199.0,1022659455126.0,2234386261.0
20250808,BSE,6405772212.0,762751697.0,2323454556.0,589738.0,0.0,6406361950.0,20765.0
20250807,SZSE,978687253262.0,98740656442.0,95752077740.0,4243850390.0,14741924.0,982931103652.0,695126634.0
20250807,SSE,1013801673272.0,87406746439.0,86606136918.0,9967062084.0,77856536.0,1023768735356.0,2242781782.0
20250807,BSE,6429211646.0,897137524.0,2533417709.0,656297.0,1000.0,6429867943.0,24002.0
20250806,SZSE,975748158627.0,94928441489.0,90273438315.0,4223078851.0,12890828.0,979971237478.0,693590265.0
20250806,SSE,1013209625471.0,81335719469.0,77274150157.0,9856426980.0,58699737.0,1023066052451.0,2215801170.0
20250806,BSE,6375789054.0,947708174.0,2455791636.0,812058.0,6560.0,6376601112.0,31311.0
20250805,SZSE,970645340530.0,84779276851.0,80351038114.0,4165051652.0,15565309.0,974810392182.0,692440299.0
20250805,SSE,1009444473177.0,78162132954.0,73749762882.0,9782498389.0,58490376.0,1019226971566.0,2227230163.0
20250805,BSE,6220949517.0,618215085.0,2059633787.0,705472.0,3799.0,6221654989.0,30150.0
20250804,SZSE,966271337651.0,75754809595.0,70714247136.0,4074997115.0,16790403.0,970346334766.0,684463484.0
20250804,SSE,1005089414853.0,76112372615.0,69551359700.0,9632775597.0,52859371.0,1014722190450.0,2209607610.0
20250804,BSE,6243754446.0,553678432.0,2015328186.0,689333.0,14333.0,6244443779.0,31876.0
20250801,SZSE,961366934795.0,79934554846.0,82248135209.0,4067384326.0,11955705.0,965434319121.0,698644389.0
20250801,SSE,998672967968.0,77026104789.0,79282987427.0,9515301212.0,38608831.0,1008188269180.0,2172875800.0
20250801,BSE,6234193826.0,561105135.0,1977590799.0,550211.0,5000.0,6234744037.0,22796.0
20250731,SZSE,963735700741.0,102306783083.0,101574321064.0,4119366325.0,33469572.0,967855067066.0,712549927.0
20250731,SSE,1000962510610.0,101652870208.0,101666828005.0,9679217234.0,60680753.0,1010641727844.0,2194249956.0
20250731,BSE,6329160943.0,735415746.0,2130913082.0,718333.0,9530.0,6329879276.0,29326.0
20250730,SZSE,963026295418.0,95158229009.0,93913762194.0,4183911653.0,13885340.0,967210207071.0,698222983.0
20250730,SSE,1001228435294.0,98475537687.0,98057511642.0,9967863343.0,64561312.0,1011196298637.0,2235899335.0
20250730,BSE,6340477287.0,845119526.0,2224592822.0,773329.0,22204.0,6341250616.0,34859.0
20250729,SZSE,961251790706.0,96064390929.0,91706508970.0,4249974105.0,22885288.0,965501764811.0,699004673.0
20250729,SSE,1000835545965.0,101223617126.0,90231062488.0,9969780284.0,89819415.0,1010805326249.0,2228547211.0
20250729,BSE,6333597948.0,772868371.0,2129024457.0,369288.0,7799.0,6333967236.0,16639.0
20250728,SZSE,956919105007.0,94946051437.0,87441566099.0,4197626774.0,16171139.0,961116731781.0,691310092.0
20250728,SSE,989896449187.0,95800002795.0,84047486942.0,9732031594.0,100666768.0,999628480781.0,2178074955.0
20250728,BSE,6287135214.0,770070036.0,1988824586.0,422809.0,41815.0,6287558023.0,52407.0
20250725,SZSE,949444309063.0,87768131158.0,87347452254.0,4140236575.0,23795640.0,953584545638.0,686498344.0
20250725,SSE,978189855705.0,95043976729.0,89858195555.0,9447821049.0,60546160.0,987637676754.0,2135435568.0
20250725,BSE,6206382998.0,803235008.0,2066733168.0,310625.0,16106.0,6206693623.0,18291.0
20250724,SZSE,949057508072.0,94700039676.0,90999374240.0,4141303301.0,13441391.0,953198811373.0,679314751.0
20250724,SSE,973054656825.0,100272742345.0,97844119627.0,9481188848.0,50181694.0,982535845673.0,2130540634.0
20250724,BSE,6256845590.0,915755106.0,2183981601.0,9439.0,0.0,6256855029.0,2185.0
20250723,SZSE,945394597041.0,92698925403.0,91230871497.0,4087046801.0,19081035.0,949481643842.0,688404854.0
20250723,SSE,970692921044.0,98115701458.0,96934152581.0,9457345282.0,55738430.0,980150266326.0,2163990513.0
20250723,BSE,6184531924.0,1021161774.0,2308071617.0,251150.0,2700.0,6184783074.0,14001.0
20250722,SZSE,943868541601.0,97517693074.0,92481641412.0,4121107509.0,23749815.0,947989649110.0,684679240.0
20250722,SSE,969571695398.0,102230430172.0,92128635311.0,9537572924.0,89392233.0,979109268322.0,2190596411.0
20250722,BSE,6173149193.0,1160940783.0,2432106766.0,610712.0,10399.0,6173759905.0,26201.0
20250721,SZSE,938875976337.0,90821447948.0,82973818940.0,4050633113.0,13716330.0,942926609450.0,672963120.0
20250721,SSE,959608797230.0,85947710330.0,78510185553.0,9301776577.0,52571054.0,968910573807.0,2149350986.0
20250721,BSE,6080837120.0,899199239.0,2170599005.0,288051.0,0.0,6081125171.0,17802.0
20250718,SZSE,931052422793.0,81937506047.0,83145610855.0,3998228901.0,11744260.0,935050651694.0,675481048.0
20250718,SSE,952191948293.0,71434848411.0,72091106495.0,9170013483.0,79439336.0,961361961776.0,2158580976.0
20250718,BSE,5922777086.0,625881883.0,1946996858.0,622859.0,0.0,5923399945.0,53020.0
20250717,SZSE,932321724737.0,84102384124.0,79810297281.0,4012294685.0,17577250.0,936334019422.0,676917763.0
20250717,SSE,952872205457.0,67896322812.0,65087154429.0,9231401372.0,42627283.0,962103606829.0,2154264464.0
20250717,BSE,5963317012.0,651658452.0,1957448924.0,843475.0,2800.0,5964160487.0,66037.0
20250716,SZSE,928088733717.0,74893210266.0,72598800488.0,3929790289.0,13613149.0,932018524006.0,676767589.0
20250716,SSE,950076970726.0,64004529159.0,59438143460.0,9160999490.0,50426605.0,959237970216.0,2152271723.0
20250716,BSE,5918798658.0,526536985.0,1823239309.0,825578.0,7000.0,5919624236.0,68636.0
20250715,SZSE,925828291723.0,85370682563.0,83115378888.0,3949124103.0,22259340.0,929777415826.0,691181574.0
20250715,SSE,945528632364.0,72830999554.0,70104836585.0,9192915184.0,76544685.0,954721547548.0,2154777632.0
20250715,BSE,5906413965.0,610137318.0,1942370031.0,768170.0,435.0,5907182135.0,62436.0
20250714,SZSE,923574876040.0,72055432526.0,76235005890.0,3933417307.0,12497168.0,927508293347.0,684943944.0
20250714,SSE,942837358485.0,66548721716.0,61440730154.0,9132049320.0,47049603.0,951969407805.0,2127172877.0
20250714,BSE,5911298360.0,613700929.0,1958309605.0,779475.0,0.0,5912077835.0,62001.0
20250711,SZSE,918930968750.0,85718886198.0,85574651492.0,3965200071.0,16313999.0,922896168821.0,696923463.0
20250711,SSE,937752116945.0,83904105366.0,81810813121.0,9242498493.0,54816722.0,946994615438.0,2170487011.0
20250711,BSE,5902814850.0,655444171.0,2013252810.0,772195.0,0.0,5903587045.0,62001.0
20250710,SZSE,918824699044.0,75682477824.0,73781689200.0,3911897560.0,19880770.0,922736596604.0,695625688.0
20250710,SSE,935691412605.0,65024526606.0,62254803053.0,9296074858.0,56275034.0,944987487463.0,2190324816.0
20250710,BSE,5988249128.0,618726385.0,2017709303.0,1142659.0,3199.0,5989391787.0,83300.0
20250709,SZSE,916856976222.0,76054033635.0,74076836032.0,3886062923.0,12804670.0,920743039145.0,690569420.0
20250709,SSE,932960493605.0,63520117716.0,61614712233.0,9172919906.0,39596940.0,942133413511.0,2174212506.0
20250709,BSE,5919311946.0,627543369.0,1992360366.0,1049539.0,0.0,5920361485.0,80101.0
20250708,SZSE,914898150576.0,75771776701.0,72508021229.0,3836207357.0,17528501.0,918734357933.0,691671177.0
20250708,SSE,931076466397.0,62568783373.0,60306673948.0,9200540155.0,55441384.0,940277006552.0,2188916022.0
20250708,BSE,5918823582.0,641151983.0,2040828681.0,1151982.0,10800.0,5919975564.0,83301.0
20250707,SZSE,911667461773.0,59156259101.0,55932742939.0,3793385687.0,15753766.0,915460847460.0,688945622.0
20250707,SSE,928827818949.0,49857500699.0,46720755866.0,9180230317.0,39989131.0,938008049266.0,2212540145.0
20250707,BSE,5910403355.0,520034260.0,1958138788.0,886633.0,200.0,5911289988.0,72701.0
20250704,SZSE,908479427856.0,70538867836.0,73619408669.0,3774019809.0,16344975.0,912253447665.0,688512252.0
20250704,SSE,925702841567.0,60022301707.0,63188964501.0,9105204865.0,81482663.0,934808046432.0,2192533383.0
20250704,BSE,5864359218.0,654830328.0,2060741867.0,891805.0,4799.0,5865251023.0,73101.0
20250703,SZSE,911580254700.0,66973917800.0,64369166660.0,3779541299.0,14798084.0,915359795999.0,698209600.0
20250703,SSE,928887433388.0,52403657575.0,51585950564.0,8963008315.0,55705569.0,937850441703.0,2151675306.0
20250703,BSE,5919626380.0,657024331.0,2024791179.0,875129.0,22000.0,5920501509.0,68302.0
20250702,SZSE,909004971033.0,64562133593.0,64653837127.0,3740761760.0,28368878.0,912745732793.0,698555465.0
20250702,SSE,928080643653.0,55260348418.0,54057302442.0,8865272383.0,54287976.0,936945916036.0,2135502120.0
20250702,BSE,5900684776.0,778050812.0,2144025577.0,823368.0,24200.0,5901508144.0,50152.0
20250701,SZSE,909138039215.0,75587669991.0,73381877497.0,3729221020.0,18960348.0,912867260235.0,683066906.0
20250701,SSE,926895132373.0,57962494465.0,56468786765.0,8931368943.0,115430090.0,935826501316.0,2157096536.0
20250701,BSE,5868351796.0,930318490.0,2415693206.0,877943.0,15769.0,5869229739.0,43002.0
20250630,SZSE,906916685330.0,81507554435.0,74642368027.0,3681212734.0,30982566.0,910597898064.0,676393274.0
20250630,SSE,925418708645.0,61631600888.0,57806905331.0,8621801759.0,81899669.0,934040510404.0,2082826784.0
20250630,BSE,5813379403.0,929600976.0,2247703016.0,679503.0,0.0,5814058906.0,33262.0
20250627,SZSE,900079196137.0,82109768494.0,82550942729.0,3595961686.0,26688833.0,903675157823.0,659580188.0
20250627,SSE,921606906801.0,68932842631.0,67520016141.0,8376524763.0,53307158.0,929983431564.0,2040299373.0
20250627,BSE,5773496853.0,1011744351.0,2352174005.0,923719.0,19728.0,5774420572.0,46961.0
20250626,SZSE,900542579395.0,87067077931.0,81325304598.0,3551996974.0,14263290.0,904094576369.0,650708923.0
20250626,SSE,920244377739.0,67478264623.0,64030398269.0,8386990239.0,51824723.0,928631367978.0,2038235595.0
20250626,BSE,5766166097.0,1211901096.0,2518769154.0,736259.0,3200.0,5766902356.0,44433.0
20250625,SZSE,894829020777.0,88224522382.0,83546088130.0,3570449742.0,24007902.0,898399470519.0,654756708.0
20250625,SSE,916809346278.0,70596663137.0,68326242068.0,8438666097.0,78862253.0,925248012375.0,2044510498.0
20250625,BSE,5585047435.0,1112934435.0,2450095671.0,944775.0,6000.0,5585992210.0,60629.0
20250624,SZSE,890211049660.0,73448721667.0,69869308927.0,3471852954.0,17609511.0,893682902614.0,647691996.0
20250624,SSE,914622047518.0,60296933460.0,58706236690.0,8229518174.0,47700273.0,922851565692.0,2028865464.0
20250624,BSE,5470923803.0,1000970638.0,2458433430.0,972144.0,7231.0,5471895947.0,70612.0
20250623,SZSE,886653659155.0,51460419622.0,49320235316.0,3400718906.0,13504361.0,890054378061.0,645846571.0
20250623,SSE,913051422559.0,44998841717.0,42990948910.0,8327235255.0,103850572.0,921378657814.0,2093121657.0
20250623,BSE,5467294104.0,770104647.0,2299711886.0,895029.0,10499.0,5468189133.0,67069.0
20250620,SZSE,884529552659.0,46378216234.0,50411185039.0,3358589499.0,13817078.0,887888142158.0,646028305.0
20250620,SSE,911053174880.0,37655134844.0,41835871482.0,8174403547.0,61012990.0,919227578427.0,2030036611.0
20250620,BSE,5365234274.0,543210252.0,2081356240.0,705299.0,5200.0,5365939573.0,61770.0
20250619,SZSE,888516100254.0,59414331770.0,62061654217.0,3411379547.0,21933856.0,891927479801.0,657066318.0
20250619,SSE,915255863687.0,48415556506.0,53161319879.0,8278758667.0,62083895.0,923534622354.0,2050719211.0
20250619,BSE,5407954304.0,726085605.0,2296855790.0,885057.0,2997.0,5408839361.0,71567.0
20250618,SZSE,891176609709.0,58324117750.0,57007433788.0,3495359118.0,33275620.0,894671968827.0,654963242.0
20250618,SSE,920011904287.0,45403094210.0,45366818185.0,8496734325.0,47756568.0,928508638612.0,2096423683.0
20250618,BSE,5470698283.0,784853157.0,2301916369.0,850192.0,0.0,5471548475.0,69799.0
20250617,SZSE,889874196834.0,57586679910.0,55878853699.0,3491738725.0,11615433.0,893365935559.0,637049195.0
20250617,SSE,919989046739.0,53836755172.0,50108991494.0,8526474908.0,51516125.0,928515521647.0,2104526828.0
20250617,BSE,5456528819.0,793074165.0,2298894649.0,964827.0,0.0,5457493646.0,74735.0
20250616,SZSE,888190590524.0,57607557671.0,55429345283.0,3582977138.0,12803387.0,891773567662.0,645199695.0
20250616,SSE,916289694734.0,49532098489.0,46219141936.0,8694745051.0,65409812.0,924984439785.0,2115518280.0
20250616,BSE,5568236684.0,823501079.0,2375695220.0,1006438.0,2434.0,5569243122.0,78935.0
20250613,SZSE,886027798974.0,62098390883.0,64328614712.0,3554820382.0,17868591.0,889582619356.0,645060192.0
20250613,SSE,912955300781.0,52193384904.0,54356782991.0,8717096796.0,75772699.0,921672397577.0,2122999920.0
20250613,BSE,5442027001.0,864892380.0,2383481918.0,933421.0,5619.0,5442960422.0,76601.0
20250612,SZSE,888290800437.0,60004991235.0,59428592501.0,3596780262.0,12443540.0,891887580699.0,642381915.0
20250612,SSE,915167037266.0,52325060614.0,50497556239.0,8738910274.0,47688351.0,923905947540.0,2095934278.0
20250612,BSE,5530521079.0,870298623.0,2428829286.0,1054966.0,0.0,5531576045.0,74768.0
20250611,SZSE,887729408039.0,59887782213.0,59038270352.0,3612192305.0,20723375.0,891341600344.0,645574487.0
20250611,SSE,913354209893.0,52450507897.0,51369415963.0,8705098242.0,53555139.0,922059308135.0,2086503664.0
20250611,BSE,5516530148.0,755790705.0,2288687323.0,1053600.0,100.0,5517583748.0,71767.0
20250610,SZSE,886901530213.0,68035695222.0,67982505735.0,3564115903.0,26689195.0,890465646116.0,636863412.0
20250610,SSE,912341653816.0,57764340159.0,56785555759.0,8651809137.0,46366616.0,920993462953.0,2089449707.0
20250610,BSE,5534402849.0,949684645.0,2535281467.0,1084184.0,4900.0,5535487033.0,76567.0
20250609,SZSE,886872512043.0,63369367856.0,60198607460.0,3595334942.0,12725596.0,890467846985.0,629040496.0
20250609,SSE,911410866748.0,54545457089.0,50390867428.0,8673571487.0,39074386.0,920084438235.0,2082134201.0
20250609,BSE,5573229802.0,815683990.0,2443130442.0,1069228.0,2500.0,5574299030.0,71667.0
20250606,SZSE,883730118683.0,53216073403.0,54026897934.0,3592510809.0,15072399.0,887322629492.0,645178162.0
20250606,SSE,907272972139.0,43157423860.0,45350259150.0,8593348281.0,53459694.0,915866320420.0,2089492510.0
20250606,BSE,5406101797.0,618228617.0,2217198878.0,980110.0,618.0,5407081907.0,69785.0
20250605,SZSE,884563195330.0,63745919225.0,61331138812.0,3623125665.0,19170833.0,888186320995.0,643739187.0
20250605,SSE,909498147688.0,50219630609.0,48232490594.0,8530358676.0,77608324.0,918028506364.0,2069887551.0
20250605,BSE,5463787636.0,722704471.0,2288781637.0,997788.0,0.0,5464785424.0,70005.0
20250604,SZSE,882006626182.0,54122283378.0,52831308028.0,3617535857.0,16238150.0,885624162039.0,640619605.0
20250604,SSE,907551168910.0,43849491785.0,42821188272.0,8359277707.0,59653955.0,915910446617.0,2029650017.0
20250604,BSE,5368444245.0,614654350.0,2200820144.0,1082222.0,0.0,5369526467.0,76681.0
20250603,SZSE,880755982293.0,49833179601.0,47811241283.0,3572835700.0,15442673.0,884328817993.0,635706894.0
20250603,SSE,906539733658.0,43831595154.0,42331506603.0,8226185192.0,39292694.0,914765918850.0,1998966856.0
20250603,BSE,5392583027.0,590700653.0,2188249673.0,1124875.0,12286.0,5393707902.0,78298.0
20250530,SZSE,878775418277.0,50110241346.0,54942707344.0,3527022745.0,24112715.0,882302441022.0,633148364.0
20250530,SSE,905065691813.0,40859028032.0,44164317829.0,8182806726.0,75186345.0,913248498539.0,2013179914.0
20250530,BSE,5395150539.0,598991691.0,2199759420.0,803093.0,0.0,5395953632.0,66012.0
20250529,SZSE,883643034051.0,55762703334.0,55489883884.0,3579615302.0,17128242.0,887222649353.0,628849928.0
20250529,SSE,908382726705.0,47502888017.0,49086515658.0,8209656018.0,42325546.0,916592382723.0,1985050432.0
20250529,BSE,5554124518.0,745746049.0,2413180343.0,1014384.0,616.0,5555138902.0,77299.0
20250528,SZSE,883230797386.0,44351185291.0,43762219569.0,3544031468.0,12265630.0,886774828854.0,625917062.0
20250528,SSE,909986392086.0,35422909185.0,35652850155.0,8264348222.0,51915382.0,918250740308.0,2031887007.0
20250528,BSE,5490747212.0,602754289.0,2309998096.0,992502.0,0.0,5491739714.0,76683.0
20250527,SZSE,882693489766.0,44710808691.0,42591136570.0,3569531793.0,20321642.0,886263021559.0,630954462.0
20250527,SSE,910228044137.0,41393311924.0,39113254727.0,8241999591.0,40903048.0,918470043728.0,2010057667.0
20250527,BSE,5499244843.0,604431818.0,2285649097.0,1098579.0,17000.0,5500343422.0,79883.0
20250526,SZSE,880600246125.0,44967485350.0,42783117039.0,3583626443.0,13108471.0,884183872568.0,627378842.0
20250526,SSE,907963207363.0,39176847072.0,36678541096.0,8254069231.0,38795934.0,916217276594.0,2021078258.0
20250526,BSE,5455766237.0,614411251.0,2329939790.0,745935.0,19581.0,5456512172.0,62883.0
20250523,SZSE,878406384455.0,49702840561.0,55021861807.0,3641829174.0,20563306.0,882048213629.0,636993231.0
20250523,SSE,905471558442.0,46293778603.0,48345192215.0,8365742275.0,41336004.0,913837300717.0,2029314859.0
20250523,BSE,5448065782.0,610529153.0,2358687572.0,736018.0,3651.0,5448801800.0,47119.0
20250522,SZSE,883772025433.0,47990209446.0,48945593802.0,3681764079.0,12914084.0,887453789512.0,635352394.0
20250522,SSE,907535824938.0,42697696444.0,43818609387.0,8471463200.0,40027954.0,916007288138.0,2031765936.0
20250522,BSE,5546523693.0,968526683.0,2752964233.0,640414.0,2466.0,5547164107.0,45215.0
20250521,SZSE,884744555438.0,52664226894.0,53515942051.0,3692688837.0,13271253.0,888437244275.0,642761760.0
20250521,SSE,908672788726.0,45123625987.0,46004821175.0,8531923242.0,44391460.0,917204711968.0,2050470784.0
20250521,BSE,5541664018.0,1008253301.0,2809730576.0,749185.0,0.0,5542413203.0,45843.0
20250520,SZSE,885610904227.0,56090845901.0,53818821873.0,3678961188.0,18539708.0,889289865415.0,644296602.0
20250520,SSE,909602494527.0,43863995066.0,43905953944.0,8417228699.0,60121134.0,918019723226.0,2036360832.0
20250520,BSE,5529790652.0,1148453983.0,3093397414.0,811602.0,10283.0,5530602254.0,51926.0
20250519,SZSE,883367155463.0,47761234275.0,46532441361.0,3602112726.0,18305780.0,886969268189.0,638017563.0
20250519,SSE,909657468124.0,42283935722.0,40025945132.0,8274438702.0,103246787.0,917931906826.0,2013010375.0
20250519,BSE,5429285383.0,828866461.0,2757178124.0,687423.0,10865.0,5429972806.0,47143.0
20250516,SZSE,882054525694.0,49728999967.0,50678313414.0,3564426968.0,18918400.0,885618952662.0,629183315.0
20250516,SSE,907427084606.0,43483450631.0,44388170117.0,8032718566.0,50477843.0,915459803172.0,1937653843.0
20250516,BSE,5375060573.0,814919151.0,2720166716.0,626787.0,1684.0,5375687360.0,41812.0
20250515,SZSE,882977081042.0,53534403676.0,55211229557.0,3590596130.0,16409134.0,886567677172.0,623708834.0
20250515,SSE,908349137943.0,47105114301.0,48243080408.0,8172820508.0,61152200.0,916521958451.0,1944948570.0
20250515,BSE,5413178605.0,838065351.0,2708828005.0,799612.0,32400.0,5413978217.0,68278.0
20250514,SZSE,884683687844.0,66573293862.0,65297031466.0,3670650104.0,21170481.0,888354337948.0,626731784.0
20250514,SSE,909505314379.0,57930168446.0,57981875678.0,8304628559.0,66921564.0,917809942938.0,1951705044.0
20250514,BSE,5361565469.0,842119884.0,2570684625.0,536601.0,6400.0,5362102070.0,36278.0
20250513,SZSE,883393473577.0,64730703605.0,63221809918.0,3619578073.0,14091780.0,887013051650.0,620131674.0
20250513,SSE,909632087491.0,51608374574.0,51699658012.0,8203735513.0,72845974.0,917835823004.0,1953004205.0
20250513,BSE,5378152391.0,833459955.0,2432861812.0,668436.0,35342.0,5378820827.0,52220.0
20250512,SZSE,881979306695.0,67998051359.0,64048325814.0,3599776942.0,18334584.0,885579083637.0,622656467.0
20250512,SSE,909791926143.0,54943035756.0,54284980047.0,8092713389.0,56501642.0,917884639532.0,1917252739.0
20250512,BSE,5288546676.0,915225845.0,2272848826.0,540532.0,8999.0,5289087208.0,26877.0
20250509,SZSE,878056099621.0,55374816733.0,57919506977.0,3571045015.0,13774300.0,881627144636.0,668823813.0
20250509,SSE,909217878305.0,45842570881.0,47751910302.0,7993960955.0,66930643.0,917211839260.0,1952089423.0
20250509,BSE,5171722175.0,696314628.0,1866140917.0,423682.0,0.0,5172145857.0,17878.0
20250508,SZSE,880738314623.0,64189418261.0,64339902156.0,3622801100.0,27393745.0,884361115723.0,668354303.0
20250508,SSE,911157862069.0,51393706214.0,51342392675.0,7986207629.0,67795171.0,919144069698.0,1927674798.0
20250508,BSE,5249104749.0,777217130.0,1927266478.0,673297.0,0.0,5249778046.0,47877.0
20250507,SZSE,880929314869.0,73512773461.0,69253601852.0,3563387074.0,18202100.0,884492701943.0,654170791.0
20250507,SSE,911175339517.0,62490825129.0,59478031426.0,7888307915.0,61482064.0,919063647432.0,1928230488.0
20250507,BSE,5188752285.0,935034469.0,1971088119.0,675328.0,15854.0,5189427613.0,47877.0
20250506,SZSE,876713127710.0,67291154395.0,58992549728.0,3489019005.0,21216220.0,880202146715.0,654467687.0
20250506,SSE,908236842318.0,57348751501.0,51395953312.0,7780283264.0,59050489.0,916017125582.0,1923518258.0
20250506,BSE,5123649871.0,807019241.0,1860611879.0,609733.0,1178.0,5124259604.0,33023.0
20250430,SZSE,868357751845.0,50362196584.0,57551049765.0,3311325348.0,9675719.0,871669077193.0,642949024.0
20250430,SSE,902297294171.0,47513823797.0,55652583220.0,7478607804.0,52548589.0,909775901975.0,1928160494.0
20250430,BSE,5037443011.0,579663792.0,1645337598.0,640508.0,17645.0,5038083519.0,36345.0
20250429,SZSE,875644286412.0,44455984095.0,45619715452.0,3383360033.0,15022541.0,879027646445.0,655586125.0
20250429,SSE,910476190696.0,42435442875.0,42398298800.0,7562000144.0,52345781.0,918038190840.0,1940830031.0
20250429,BSE,5205472872.0,496147766.0,1585902951.0,468832.0,1000.0,5205941704.0,20600.0
20250428,SZSE,876839715520.0,45440355721.0,44842320147.0,3429883202.0,17103800.0,880269598722.0,657448760.0
20250428,SSE,910621691549.0,44400037735.0,43700938811.0,7701073161.0,68635393.0,918322764710.0,2012272048.0
20250428,BSE,5215017221.0,495775056.0,1561787080.0,704157.0,13500.0,5215721378.0,40900.0
20250425,SZSE,876263257057.0,52857358722.0,54968787251.0,3450816660.0,15242075.0,879714073717.0,664970635.0
20250425,SSE,909951876584.0,45912428943.0,49168616763.0,7704831867.0,38725651.0,917656708451.0,2040767362.0
20250425,BSE,5257002174.0,544038605.0,1602104366.0,501701.0,0.0,5257503875.0,36500.0
20250424,SZSE,878304578320.0,51432519596.0,52892823274.0,3502591543.0,16568418.0,881807169863.0,671742821.0
20250424,SSE,913255772009.0,42007348299.0,43554432048.0,7869330873.0,57415993.0,921125102882.0,2110587328.0
20250424,BSE,5313562132.0,763250783.0,1848495439.0,915154.0,2550.0,5314477286.0,74102.0
20250423,SZSE,879674917303.0,61361874098.0,59572577033.0,3518326975.0,15322998.0,883193244278.0,675144744.0
20250423,SSE,914825452131.0,51522544999.0,51212102897.0,7831450388.0,35887766.0,922656902519.0,2086966973.0
20250423,BSE,5288969018.0,850176880.0,1925051889.0,894402.0,5900.0,5289863420.0,71552.0
20250422,SZSE,877903268809.0,49700153839.0,48107265314.0,3484978920.0,17330844.0,881388247729.0,675475157.0
20250422,SSE,914550232887.0,44912903257.0,47071766527.0,7946903343.0,64090206.0,922497136230.0,2125485186.0
20250422,BSE,5309358414.0,782903802.0,1853066943.0,1049761.0,13850.0,5310408175.0,74600.0
20250421,SZSE,876321389242.0,50403873400.0,47899167414.0,3474782529.0,25688128.0,879796171771.0,673275959.0
20250421,SSE,916757890120.0,45790771111.0,42665338730.0,7838193327.0,63861963.0,924596083447.0,2093762247.0
20250421,BSE,5363118824.0,855275873.0,1938157367.0,852352.0,18400.0,5363971176.0,61650.0
20250418,SZSE,873793563164.0,39379944944.0,42291151751.0,3382570732.0,16367055.0,877176133896.0,663987962.0
20250418,SSE,913644906996.0,35926650820.0,39169942231.0,7741536987.0,111921384.0,921386443983.0,2085510684.0
20250418,BSE,5276186037.0,883153645.0,1971134574.0,769358.0,21298.0,5276955395.0,52100.0
20250417,SZSE,876721032710.0,41936988253.0,43255763241.0,3515898003.0,16315598.0,880236930713.0,717653135.0
20250417,SSE,916979946296.0,44123647919.0,46284243992.0,7752806362.0,49996551.0,924732752658.0,2071120684.0
20250417,BSE,5295797527.0,799931516.0,1872463310.0,701375.0,400.0,5296498902.0,49202.0
20250416,SZSE,878006455145.0,44989419890.0,46901002708.0,3509361945.0,21580403.0,881515817090.0,736462274.0
20250416,SSE,919159004275.0,45013705649.0,48171053369.0,7840287938.0,67662704.0,926999292213.0,2128802413.0
20250416,BSE,5243869495.0,645342852.0,1723134782.0,934782.0,7100.0,5244804277.0,67100.0
20250415,SZSE,879931802411.0,45396210120.0,44593584719.0,3541393600.0,33265838.0,883473196011.0,731424395.0
20250415,SSE,922346969118.0,44319971140.0,44695041942.0,7878874375.0,58123912.0,930225843493.0,2136686661.0
20250415,BSE,5309934372.0,823442204.0,1911950286.0,872024.0,0.0,5310806396.0,60500.0
20250414,SZSE,879114105339.0,59943317000.0,59104228336.0,3532437874.0,23094000.0,882646543213.0,720392343.0
20250414,SSE,922753835196.0,57952407994.0,53385359486.0,7861791225.0,106200893.0,930615626421.0,2138910705.0
20250414,BSE,5229581208.0,914813256.0,2007271138.0,906002.0,21400.0,5230487210.0,62100.0
20250411,SZSE,874860732976.0,61444896340.0,62941099907.0,3455116414.0,20699820.0,878315849390.0,713574181.0
20250411,SSE,918221823420.0,62309160472.0,64795559098.0,7557579540.0,58188732.0,925779402960.0,2071463432.0
20250411,BSE,5198517516.0,1020817053.0,2102271027.0,672382.0,0.0,5199189898.0,44700.0
20250410,SZSE,876337391176.0,73376794923.0,72122105578.0,3482100478.0,26282587.0,879819491654.0,716242486.0
20250410,SSE,920719496266.0,72459470914.0,71060405253.0,7564150459.0,141430997.0,928283646725.0,2102159616.0
20250410,BSE,5254805134.0,1313213932.0,2378685165.0,949465.0,14400.0,5255754599.0,80500.0
20250409,SZSE,875091824068.0,69060944241.0,72901637861.0,3410215011.0,39842569.0,878502039079.0,723147803.0
20250409,SSE,919376233259.0,73647795572.0,75603256202.0,7237712208.0,122001637.0,926613945467.0,2031381619.0
20250409,BSE,5087749024.0,875370387.0,1929161422.0,728146.0,12600.0,5088477170.0,66100.0
20250408,SZSE,878946276207.0,56781398012.0,76969745916.0,3364246468.0,51365496.0,882310522675.0,721635063.0
20250408,SSE,921356014088.0,59243153925.0,77500723596.0,7162980259.0,172015912.0,928518994347.0,2056670409.0
20250408,BSE,5073777556.0,555818188.0,1630880069.0,672857.0,1515.0,5074450413.0,67900.0
20250407,SZSE,899172891464.0,60946797249.0,89450166725.0,3275823022.0,42445871.0,902448714486.0,710581528.0
20250407,SSE,939658581632.0,68729211346.0,87808838036.0,6803925316.0,112642760.0,946462506948.0,1976738632.0
20250407,BSE,5162029463.0,560600487.0,1716025050.0,803346.0,59000.0,5162832809.0,78985.0
20250403,SZSE,927729617671.0,50985186355.0,55171992937.0,3616548467.0,66708520.0,931346166138.0,711201368.0
20250403,SSE,958806215111.0,50316600334.0,54866683041.0,7531452299.0,58987559.0,966337667410.0,2023375449.0
20250403,BSE,5421558950.0,477714423.0,1645115062.0,409704.0,450.0,5421968654.0,21435.0
20250402,SZSE,931932282904.0,43482041481.0,44036722604.0,3628968646.0,14005888.0,935561251550.0,665376152.0
20250402,SSE,963373933304.0,42910966375.0,44436232233.0,7604838679.0,34974639.0,970978771983.0,2028479726.0
20250402,BSE,5471504447.0,430059362.0,1605554448.0,699041.0,4036.0,5472203488.0,45221.0
20250401,SZSE,932399031312.0,48627807382.0,51271369615.0,3641964105.0,20751373.0,936040995417.0,664943002.0
20250401,SSE,964915147379.0,51565138671.0,53665405403.0,7594645817.0,87454163.0,972509793196.0,2036413111.0
20250401,BSE,5484552764.0,509034815.0,1666948804.0,866599.0,3000.0,5485419363.0,52185.0
20250331,SZSE,935053700961.0,51988819431.0,55507445891.0,3630495905.0,18191960.0,938684196866.0,659760189.0
20250331,SSE,967026910148.0,53671295584.0,53845936637.0,7476693793.0,56223472.0,974503603941.0,1989318520.0
20250331,BSE,5481848416.0,508304830.0,1674338265.0,815080.0,15054.0,5482663496.0,49185.0
20250328,SZSE,938594602728.0,50248798536.0,52863010220.0,3659863287.0,27862530.0,942254466015.0,662016388.0
20250328,SSE,967213232779.0,49000650491.0,50111391459.0,7470481196.0,42520602.0,974683713975.0,2001685702.0
20250328,BSE,5515700166.0,584575355.0,1742366589.0,730459.0,24505.0,5516430625.0,47836.0
20250327,SZSE,941226045122.0,53723378941.0,56086327789.0,3700375957.0,16571600.0,944926421079.0,650839321.0
20250327,SSE,968417545674.0,51135301340.0,52174577178.0,7663100195.0,58001853.0,976080645869.0,2026293651.0
20250327,BSE,5541823471.0,682787185.0,1846612881.0,713543.0,20000.0,5542537014.0,41385.0
20250326,SZSE,943420994775.0,52666614151.0,52488972532.0,3687752302.0,15552324.0,947108747077.0,649251751.0
20250326,SSE,969473222868.0,49500796463.0,48960234324.0,7615840734.0,49237687.0,977089063602.0,2010688128.0
20250326,BSE,5514976179.0,608682681.0,1795405190.0,694234.0,11500.0,5515670413.0,40985.0
20250325,SZSE,943293889558.0,57467277986.0,59292701598.0,3693780932.0,18628096.0,946987670490.0,656641965.0
20250325,SSE,968943026169.0,52428688528.0,53257362491.0,7653780592.0,79283282.0,976596806761.0,2011502540.0
20250325,BSE,5509695565.0,649532298.0,1814338384.0,753678.0,10712.0,5510449243.0,49485.0
20250324,SZSE,945136119972.0,64489063402.0,68336977277.0,3712800479.0,21292367.0,948848920451.0,656092744.0
20250324,SSE,969786080222.0,57074892321.0,58929265232.0,7541942269.0,59551606.0,977328022491.0,1971349007.0
20250324,BSE,5532969402.0,552425443.0,1702972613.0,680260.0,20388.0,5533649662.0,38773.0
20250321,SZSE,948858800539.0,72083079355.0,80854560985.0,3691436308.0,15181571.0,952550236847.0,650701800.0
20250321,SSE,971655569946.0,64818227748.0,70067194074.0,7587577611.0,43474260.0,979243147557.0,1997206721.0
20250321,BSE,5625765295.0,705021955.0,1853894054.0,558273.0,3412.0,5626323568.0,38163.0
20250320,SZSE,957546286983.0,73562951659.0,73278672677.0,3755011358.0,13204795.0,961301298341.0,660447522.0
20250320,SSE,976925908288.0,62244994431.0,60295973581.0,7858725646.0,42294868.0,984784633934.0,2037681027.0
20250320,BSE,5783467083.0,896408612.0,2027642130.0,801228.0,16039.0,5784268311.0,65788.0
20250319,SZSE,957276596765.0,79118767288.0,79065586517.0,3817851811.0,23753389.0,961094448576.0,663416558.0
20250319,SSE,974998389156.0,61257317822.0,61078857950.0,8009325780.0,40990225.0,983007714936.0,2059067883.0
20250319,BSE,5867077213.0,1151435297.0,2285296728.0,898357.0,16910.0,5867975570.0,62661.0
20250318,SZSE,957203594763.0,86716598781.0,82085701065.0,3863550980.0,18025600.0,961067145743.0,673697635.0
20250318,SSE,974837417875.0,66658461032.0,63108745568.0,8067587178.0,44274870.0,982905005053.0,2075404485.0
20250318,BSE,5832080479.0,1243543166.0,2429625249.0,763262.0,8088.0,5832843741.0,51251.0
20250317,SZSE,952548775662.0,85642045347.0,77085356987.0,3870542036.0,15549142.0,956419317698.0,689187733.0
20250317,SSE,971314793092.0,68176130429.0,64578018442.0,8277178377.0,84763225.0,979591971469.0,2138226821.0
20250317,BSE,5765616581.0,1340818915.0,2522748434.0,661962.0,6912.0,5766278543.0,43163.0
20250314,SZSE,944101521081.0,96863034464.0,95278520529.0,3955416225.0,21582690.0,948056937306.0,696135236.0
20250314,SSE,967761631056.0,83499682377.0,83871155174.0,8216816871.0,86024978.0,975978447927.0,2114737777.0
20250314,BSE,5623806355.0,1349253137.0,2532012892.0,639604.0,6500.0,5624445959.0,41751.0
20250313,SZSE,942531829263.0,82662550995.0,86042583789.0,3877509956.0,19983772.0,946409339219.0,696300635.0
20250313,SSE,968166630947.0,67033145026.0,69778187887.0,8112412959.0,60395209.0,976279043906.0,2132695639.0
20250313,BSE,5550229895.0,1043859607.0,2242336972.0,616329.0,5500.0,5550846224.0,40751.0
20250312,SZSE,945922959832.0,96921388927.0,90417358881.0,3926757562.0,17853205.0,949849717394.0,697533812.0
20250312,SSE,970925278485.0,73984217204.0,68844467656.0,8174331622.0,64688871.0,979099610107.0,2144067463.0
20250312,BSE,5528945057.0,1144349587.0,2357316316.0,584086.0,0.0,5529529143.0,37051.0
20250311,SZSE,939441644086.0,80912025971.0,79143827455.0,3915585938.0,20886040.0,943357230024.0,695193226.0
20250311,SSE,965795797513.0,64969051754.0,65140330930.0,8123259995.0,75345126.0,973919057508.0,2135553654.0
20250311,BSE,5447899294.0,1030080306.0,2249102477.0,627752.0,0.0,5448527046.0,41871.0
20250310,SZSE,937655230101.0,81488312106.0,76235693209.0,3890709009.0,23725881.0,941545939110.0,693629508.0
20250310,SSE,965980054878.0,64770222659.0,60460763932.0,7983108068.0,59036256.0,973963162946.0,2101718126.0
20250310,BSE,5336002093.0,1125651519.0,2377379495.0,723204.0,12439.0,5336725297.0,49190.0
20250307,SZSE,932447715416.0,99979445814.0,105806738176.0,3845059410.0,16558758.0,936292774826.0,687557569.0
20250307,SSE,961683902616.0,76875430813.0,80507489544.0,7921937248.0,45528841.0,969605839864.0,2085616340.0
20250307,BSE,5126758372.0,1125321899.0,2364922704.0,574573.0,0.0,5127332945.0,36751.0
20250306,SZSE,938291066458.0,115210005269.0,104199435762.0,3900949945.0,49208381.0,942192016403.0,692697260.0
20250306,SSE,965326732669.0,86595311696.0,80661434991.0,7975582960.0,60520999.0,973302315629.0,2096030579.0
20250306,BSE,5191289710.0,1412031664.0,2639382866.0,654660.0,0.0,5191944370.0,44151.0
20250305,SZSE,927311849395.0,77487414162.0,74595982594.0,3794704766.0,18321925.0,931106554161.0,662597053.0
20250305,SSE,959407691107.0,60649947203.0,60341774837.0,7823930326.0,71588436.0,967231621433.0,2102211189.0
20250305,BSE,4996449667.0,1429364936.0,2667200033.0,965474.0,16000.0,4997415141.0,67451.0
20250304,SZSE,924428815298.0,72875386018.0,70602506887.0,3748883768.0,16963360.0,928177699066.0,658626892.0
20250304,SSE,959104687354.0,60144452545.0,60742349223.0,7616965846.0,89249926.0,966721653200.0,2061753354.0
20250304,BSE,4755053025.0,1136812989.0,2350802597.0,799054.0,28366.0,4755852079.0,54051.0
20250303,SZSE,922017044841.0,80360456268.0,79934899879.0,3754336080.0,28422090.0,925771380921.0,665266307.0
20250303,SSE,959710302382.0,65691075979.0,66882577924.0,7467808538.0,59117176.0,967178110920.0,2027086840.0
20250303,BSE,4649020745.0,1082199465.0,2291980828.0,661550.0,5800.0,4649682295.0,27685.0
20250228,SZSE,921735951612.0,90555660060.0,100980283080.0,3663381830.0,23104005.0,925399333442.0,654775083.0
20250228,SSE,960907206926.0,78168903895.0,85152875080.0,7437464582.0,46641713.0,968344671508.0,2023839235.0
20250228,BSE,4526768471.0,870967493.0,2104043473.0,588863.0,8300.0,4527357334.0,30185.0
20250227,SZSE,932433003779.0,111953613736.0,109701409254.0,3855875536.0,18184855.0,936288879315.0,657451007.0
20250227,SSE,967908224325.0,89205904643.0,89558735478.0,7819874428.0,84548182.0,975728098753.0,2077603268.0
20250227,BSE,4686824214.0,1049654683.0,2289071711.0,727084.0,1000.0,4687551298.0,39385.0
20250226,SZSE,930242067080.0,112582203020.0,106952018833.0,3893094338.0,29521716.0,934135161418.0,660381853.0
20250226,SSE,968281688463.0,90069928898.0,85635888021.0,7791601017.0,72017426.0,976073289480.0,2050384130.0
20250226,BSE,4641585258.0,892558070.0,2144207911.0,863563.0,6584.0,4642448821.0,52185.0
20250225,SZSE,924628492439.0,109057882533.0,105444096661.0,3795813568.0,31826461.0,928424306007.0,652244368.0
20250225,SSE,963879747065.0,84655361497.0,81575264260.0,7630163667.0,78791386.0,971509910732.0,2077965126.0
20250225,BSE,4652476949.0,854275131.0,2134490282.0,813429.0,15516.0,4653290378.0,45601.0
20250224,SZSE,921025749877.0,122521834591.0,114797411102.0,3817210674.0,28002190.0,924842960551.0,637741537.0
20250224,SSE,960817195447.0,94179878950.0,90050981296.0,7696499601.0,79720776.0,968513695048.0,2064441396.0
20250224,BSE,4596790597.0,1074638424.0,2371552153.0,761785.0,46498.0,4597552382.0,62085.0
20250221,SZSE,913323986104.0,130494467250.0,127789689949.0,3754991237.0,24213960.0,917078977341.0,629908076.0
20250221,SSE,956706096115.0,104987584876.0,101552002911.0,7577570831.0,60691479.0,964283666946.0,2028791842.0
20250221,BSE,4479716643.0,1199152805.0,2491613760.0,399470.0,4002.0,4480116113.0,17187.0
20250220,SZSE,910649625103.0,96423670295.0,92603031426.0,3668163778.0,55617640.0,914317788881.0,630213654.0
20250220,SSE,953302647173.0,76570049568.0,73654603674.0,7511526974.0,115549105.0,960814174147.0,2046698481.0
20250220,BSE,4397204102.0,978543223.0,2260960585.0,505929.0,11398.0,4397710031.0,26083.0
20250219,SZSE,906858057966.0,95458223764.0,90445499671.0,3545545689.0,21172293.0,910403603655.0,594641492.0
20250219,SSE,950398196565.0,79824948727.0,74840681292.0,7335347322.0,72472768.0,957733543887.0,1980436091.0
20250219,BSE,4295923321.0,789271710.0,2070753462.0,450186.0,4532.0,4296373507.0,17885.0
20250218,SZSE,901854420517.0,95135697049.0,98260382372.0,3526785183.0,22049307.0,905381205700.0,621127778.0
20250218,SSE,945424585208.0,75862934907.0,79589045212.0,7260409386.0,60056270.0,952684994594.0,1975476398.0
20250218,BSE,4158293544.0,653449084.0,1995511821.0,600449.0,8938.0,4158893993.0,61954.0
20250217,SZSE,905015767143.0,112489004453.0,102893805700.0,3647917814.0,47992610.0,908663684957.0,633413365.0
20250217,SSE,949158718589.0,88249804088.0,80430807286.0,7548763546.0,108670415.0,956707482135.0,2039058162.0
20250217,BSE,4231862834.0,807218771.0,881482688.0,734580.0,47289.0,4232597414.0,67516.0
20250214,SZSE,896691318624.0,94018369299.0,94183471409.0,3572724110.0,21560578.0,900264042734.0,604433595.0
20250214,SSE,941352939939.0,76358902828.0,75580393474.0,7370919487.0,49654461.0,948723859426.0,1975752708.0
20250214,BSE,4271724777.0,760135879.0,837046417.0,417662.0,8949.0,4272142439.0,26165.0
20250213,SZSE,896870643678.0,100611797205.0,100905793335.0,3587138065.0,25416774.0,900457781743.0,627534184.0
20250213,SSE,940585522678.0,78785245943.0,79330406764.0,7552674042.0,57468483.0,948138196720.0,2046117139.0
20250213,BSE,4267889675.0,928908098.0,1006371537.0,493805.0,6304.0,4268383480.0,49343.0
20250212,SZSE,897181033285.0,97483790652.0,92347487548.0,3619324665.0,30669908.0,900800357950.0,622947982.0
20250212,SSE,941142844137.0,74195992923.0,72187787337.0,7554332159.0,56438822.0,948697176296.0,2029535676.0
20250212,BSE,4223184203.0,961619681.0,1041214188.0,414992.0,0.0,4223599195.0,44039.0
20250211,SZSE,892061787291.0,88476487977.0,85145489154.0,3519677269.0,35266550.0,895581464560.0,612090523.0
20250211,SSE,939146823237.0,68991323695.0,66378149195.0,7387044509.0,104700720.0,946533867746.0,2018807076.0
20250211,BSE,4132117232.0,1199879601.0,1277948753.0,708522.0,11700.0,4132825754.0,64539.0
20250210,SZSE,888741244299.0,98304532563.0,87739359068.0,3480768019.0,34769684.0,892222012318.0,596525797.0
20250210,SSE,936541604647.0,75979123469.0,67453719058.0,7242119013.0,87479397.0,943783723660.0,1958328584.0
20250210,BSE,3907680015.0,750806366.0,826276470.0,597463.0,16716.0,3908277478.0,65216.0
20250207,SZSE,878190423408.0,116104264568.0,109591475860.0,3391382795.0,30885508.0,881581806203.0,579657863.0
20250207,SSE,928035285866.0,89421359099.0,85016164215.0,7040564156.0,95393542.0,935075850022.0,1913695383.0
20250207,BSE,3835049943.0,957395433.0,1031951377.0,537201.0,6500.0,3835587144.0,54700.0
20250206,SZSE,871693200998.0,89471432264.0,81117746760.0,3257264974.0,30514622.0,874950465972.0,579418341.0
20250206,SSE,923656820579.0,69922345231.0,63647290583.0,6814698903.0,71877167.0,930471519482.0,1896167686.0
20250206,BSE,3660403079.0,516898740.0,591767046.0,479803.0,5000.0,3660882882.0,52700.0
20250205,SZSE,863353272384.0,70926796896.0,61675598605.0,3062208529.0,28515157.0,866415480913.0,569384486.0
20250205,SSE,917392767343.0,59985310765.0,49367988556.0,6613023309.0,76575363.0,924005790652.0,1895547148.0
20250205,BSE,3635435047.0,291779339.0,365961518.0,476692.0,2500.0,3635911739.0,50200.0
20250127,SZSE,854111725002.0,52998664416.0,71100920760.0,2925708925.0,38430523.0,857037433927.0,561477967.0
20250127,SSE,906836932381.0,42241517112.0,58495965231.0,6487615579.0,138061674.0,913324547960.0,1901506071.0
20250127,BSE,3588255482.0,204816286.0,281077555.0,404820.0,0.0,3588660302.0,47700.0
20250124,SZSE,871920230667.0,62878226989.0,67747722250.0,3048186442.0,15979516.0,874968417109.0,549841551.0
20250124,SSE,923170752645.0,50086425277.0,56259919328.0,6483695028.0,35501445.0,929654447673.0,1826680161.0
20250124,BSE,3705369120.0,301037411.0,380060204.0,440159.0,11000.0,3705809279.0,49700.0
20250123,SZSE,876806477751.0,72996881877.0,75108152994.0,3197004141.0,20780711.0,880003481892.0,588617352.0
20250123,SSE,929453719597.0,59724991108.0,62698806369.0,6853057803.0,116506243.0,936306777400.0,1937450525.0
20250123,BSE,3718340221.0,350328669.0,431894069.0,353468.0,7577.0,3718693689.0,59584.0
20250122,SZSE,878814041972.0,57445447129.0,60046437513.0,3322095474.0,33982247.0,882136137446.0,598121209.0
20250122,SSE,932612094200.0,49208304744.0,48426862308.0,6937710624.0,106974768.0,939549804824.0,1959279705.0
20250122,BSE,3750561263.0,308206303.0,389128595.0,614992.0,2050.0,3751176255.0,66192.0
20250121,SZSE,881376828412.0,65554585559.0,64482711891.0,3358585160.0,31917400.0,884735413572.0,585941435.0
20250121,SSE,931833618165.0,51901905868.0,51616035377.0,6922513760.0,113296417.0,938756131925.0,1921433088.0
20250121,BSE,3794983294.0,318225995.0,399698032.0,753452.0,10117.0,3795736746.0,70873.0
20250120,SZSE,880318780178.0,60585787908.0,59257595154.0,3298589893.0,18431489.0,883617370071.0,575174389.0
20250120,SSE,931550947430.0,50796010934.0,51187882094.0,6808207228.0,52349806.0,938359154658.0,1860518338.0
20250120,BSE,3816925908.0,340691926.0,423841741.0,696730.0,13768.0,3817622638.0,70383.0
20250117,SZSE,879011707399.0,54932935798.0,58019886387.0,3274051675.0,17781740.0,882285759074.0,571787231.0
20250117,SSE,931949689547.0,48099775514.0,51718019835.0,6788528581.0,42559892.0,938738218128.0,1870945259.0
20250117,BSE,3813186759.0,383837454.0,467223718.0,566674.0,6279.0,3813753433.0,56615.0
20250116,SZSE,882108386185.0,64092363793.0,63225058082.0,3275712889.0,48532999.0,885384099074.0,576071334.0
20250116,SSE,935572524508.0,55337854569.0,55006490754.0,6869158500.0,101362385.0,942441683008.0,1906071345.0
20250116,BSE,3800197325.0,429518261.0,509978956.0,728334.0,1100.0,3800925659.0,69136.0
20250115,SZSE,881245241471.0,57613943665.0,56381426521.0,3181302478.0,37414868.0,884426543949.0,556605724.0
20250115,SSE,935243523067.0,47392505448.0,47129166619.0,6881502074.0,122794474.0,942125025141.0,1932772665.0
20250115,BSE,3818754963.0,566390354.0,646471950.0,711973.0,2013.0,3819466936.0,70049.0
20250114,SZSE,879785955364.0,71829433061.0,63921455567.0,3175740905.0,26559200.0,882961696269.0,537472946.0
20250114,SSE,934983756674.0,61134374592.0,57641323865.0,6765618986.0,87715491.0,941749375660.0,1864090389.0
20250114,BSE,3779051734.0,543874085.0,620523972.0,788029.0,32602.0,3779839763.0,76787.0
20250113,SZSE,871846770369.0,39393254358.0,70524710219.0,3163514729.0,22105140.0,875010285098.0,587462013.0
20250113,SSE,931498491977.0,39276052098.0,39611208734.0,6728814379.0,52582295.0,938227306356.0,1961130508.0
20250113,BSE,3691959941.0,200437166.0,275234526.0,376923.0,29238.0,3692336864.0,44985.0
20250110,SZSE,872353588738.0,49943205709.0,55920999928.0,3205566997.0,26851486.0,875559155735.0,609080863.0
20250110,SSE,931847072917.0,46445929478.0,49281308147.0,6925447089.0,56239094.0,938772520006.0,2060432288.0
20250110,BSE,3675894722.0,279467622.0,356986380.0,284021.0,2315.0,3676178743.0,17762.0
20250109,SZSE,878278402803.0,51984074976.0,52336508921.0,3256225646.0,31921178.0,881534628449.0,601405095.0
20250109,SSE,934699072676.0,44397224527.0,44484337309.0,7089977374.0,101663196.0,941789050050.0,2075767923.0
20250109,BSE,3760247586.0,389060180.0,469333785.0,570551.0,0.0,3760818137.0,47947.0
20250108,SZSE,878661817018.0,54968113146.0,57523965191.0,3135208540.0,46145026.0,881797025558.0,587384906.0
20250108,SSE,934798277212.0,51011208618.0,52825749183.0,7020115928.0,220245868.0,941818393140.0,2054264539.0
20250108,BSE,3708878602.0,295239233.0,375962280.0,740701.0,0.0,3709619303.0,75717.0
20250107,SZSE,881231344093.0,48784844142.0,48200722619.0,3080472786.0,35575177.0,884311816879.0,561608586.0
20250107,SSE,936619486694.0,43721076608.0,44039378917.0,6564452550.0,79112576.0,943183939244.0,1902959083.0
20250107,BSE,3726746536.0,266269125.0,346620824.0,738810.0,600.0,3727485346.0,75717.0
20250106,SZSE,880657972461.0,40804326174.0,45411540394.0,2936880576.0,19887640.0,883594853037.0,546109601.0
20250106,SSE,936940484542.0,38625308830.0,42031300809.0,6406728687.0,62821301.0,943347213229.0,1879109078.0
20250106,BSE,3723627849.0,240877845.0,320156811.0,790640.0,1000.0,3724418489.0,79900.0
20250103,SZSE,885277404972.0,51305754726.0,61309337148.0,2967871605.0,27036140.0,888245276577.0,551615030.0
20250103,SSE,940349502202.0,47446905780.0,55119501887.0,6597955717.0,53341607.0,946947457919.0,1944511417.0
20250103,BSE,3744104288.0,259904590.0,339864873.0,745685.0,16283.0,3744849973.0,79500.0
20250102,SZSE,895259667977.0,60597764263.0,66116257694.0,3076920641.0,22256088.0,898336588618.0,549998735.0
20250102,SSE,948028697338.0,61694892869.0,63161317001.0,6920630454.0,78899226.0,954949327792.0,2000021260.0
20250102,BSE,3834571918.0,263241551.0,341787923.0,649515.0,50140.0,3835221433.0,64217.0
